,accdefrate,accexamcnt,accexamcompcnt,carecnt,clearcnt,createdt,deathcnt,decidecnt,examcnt,resutlnegcnt,seq,statedt,statetime,updatedt
0,2.6803732028,16525389,14907924,31952,364499,2021-11-16 08:39:32.225,3137,399588,1617465,14508336,699,2021-11-16 00:00:00.000,00:00,
1,2.6790751547,16470972,14835866,31515,362834,2021-11-15 09:35:56.024,3115,397464,1635106,14438402,698,2021-11-15 00:00:00.000,00:00,
2,2.6673072464,16440429,14826151,31465,360891,2021-11-14 09:44:03.248,3103,395459,1614278,14430692,697,2021-11-14 00:00:00.000,00:00,
3,2.6527599155,16408600,13689934,304050,359553,2021-11-13 09:40:09.109,3083,393041,1592295,14423264,696,2021-11-13 00:00:00.000,00:00,
4,2.6423987743,16361030,14786451,31051,356615,2021-11-12 09:27:05.279,3051,390717,1574579,14395734,695,2021-11-12 00:00:00.000,00:00,
5,2.6310718906,16312773,14760106,30302,355014,2021-11-11 09:27:17.639,3033,388349,1552667,14371757,694,2021-11-11 00:00:00.000,00:00,
6,2.6177317437,16261877,14739058,29877,352940,2021-11-10 09:28:27.999,3012,385829,1522819,14353229,693,2021-11-10 00:00:00.000,00:00,
7,2.6095236409,16212870,14692490,29749,350657,2021-11-09 09:24:09.116,2998,383404,1520380,14309086,692,2021-11-09 00:00:00.000,00:00,
8,2.6067095314,16160828,14642483,30911,347796,2021-11-08 09:28:41.663,2980,381687,1518345,14260796,691,2021-11-08 00:00:00.000,00:00,
9,2.5963907494,16130872,14633121,30166,346800,2021-11-07 09:29:07.692,2967,379933,1497751,14253188,690,2021-11-07 00:00:00.000,00:00,
10,2.5822658496,16099185,14626999,29188,345564,2021-11-06 09:37:28.182,2956,377708,1472186,14249291,689,2021-11-06 00:00:00.000,00:00,
11,2.5757787802,16051667,14576640,29290,343236,2021-11-05 09:27:51.190,2936,375462,1475027,14201178,688,2021-11-05 00:00:00.000,00:00,
12,2.5668151436,16001231,14536263,28316,341887,2021-11-04 09:27:32.684,2916,373119,1464968,14163144,687,2021-11-04 00:00:00.000,00:00,
13,2.5556917627,15953526,14502414,27275,340470,2021-11-03 09:28:24.308,2892,370637,1451112,14131777,686,2021-11-03 00:00:00.000,00:00,
14,2.5445079716,15905185,14461342,26149,338947,2021-11-02 09:30:05.194,2874,367970,1443843,14093372,685,2021-11-02 00:00:00.000,00:00,
15,2.5398746637,15849300,14425200,26171,337353,2021-11-01 06:42:25.145,2858,366382,1424100,14058818,684,2021-11-01 00:00:00.000,00:00,
16,2.5296141387,15804062,14417100,25300,336548,2021-10-31 09:17:32.729,2849,364697,1386962,14052403,683,2021-10-31 00:00:00.000,00:00,
17,2.5166866619,15775697,14409263,25225,334581,2021-10-30 09:42:07.803,2830,362636,1366434,14046627,682,2021-10-30 00:00:00.000,00:00,
18,2.5085565147,15730782,14372090,24720,332995,2021-10-29 09:31:17.460,2817,360532,1358692,14011558,681,2021-10-29 00:00:00.000,00:00,
19,2.5082902607,15678186,14289056,24750,330853,2021-10-28 09:33:44.198,2808,358411,1389130,13930645,680,2021-10-28 00:00:00.000,00:00,
20,2.5019099621,15628306,14241120,23845,329658,2021-10-27 10:10:24.763,2797,356300,1387186,13884820,679,2021-10-27 00:00:00.000,00:00,
21,2.4932471843,15579430,14212590,23975,327592,2021-10-26 09:39:33.439,2788,354355,1366840,13858235,677,2021-10-26 00:00:00.000,00:00,
22,2.4931384199,15530472,14162190,25862,324448,2021-10-25 09:45:03.736,2773,353083,1368282,13809107,676,2021-10-25 00:00:00.000,00:00,
23,2.4867673642,15504979,14150620,25734,323393,2021-10-24 09:33:19.080,2766,351893,1354359,13798727,675,2021-10-24 00:00:00.000,00:00,
24,2.4782031513,15481469,14142182,25191,322536,2021-10-23 10:02:54.872,2745,350472,1339287,13791710,674,2021-10-23 00:00:00.000,00:00,
25,2.4731308076,15437382,14110212,25922,320317,2021-10-22 09:40:09.614,2725,348964,1327170,13761248,673,2021-10-22 00:00:00.000,00:00,
26,2.4721894162,15392004,14057418,27062,317755,2021-10-21 09:43:46.670,2709,347526,1334586,13709892,672,2021-10-21 00:00:00.000,00:00,
27,2.4685802309,15344729,14019597,26780,316607,2021-10-20 09:37:29.360,2698,346085,1325132,13673512,671,2021-10-20 00:00:00.000,00:00,
28,2.4655589015,15296830,13973059,28393,313432,2021-10-19 09:37:01.052,2689,344514,1323771,13628545,670,2021-10-19 00:00:00.000,00:00,
29,2.466224513,15246346,13925780,28992,311781,2021-10-18 09:39:38.125,2668,343441,1320566,13582339,669,2021-10-18 00:00:00.000,00:00,
30,2.4617514369,15220864,13908431,29387,310344,2021-10-17 10:04:43.410,2660,342391,1312433,13566040,668,2021-10-17 00:00:00.000,00:00,
31,2.4521548219,15198187,13904954,30140,308187,2021-10-16 09:35:29.169,2644,340971,1293233,13563983,667,2021-10-16 00:00:00.000,00:00,
32,2.4513858745,15152521,13843353,30877,305851,2021-10-15 09:39:06.702,2626,339354,1309168,13503999,666,2021-10-15 00:00:00.000,00:00,
33,2.4451502864,15106360,13809826,31334,303719,2021-10-14 09:34:17.552,2618,337671,1296534,13472155,665,2021-10-14 00:00:00.000,00:00,
34,2.436982744,15062412,13776544,31061,302066,2021-10-13 09:35:45.020,2605,335732,1285868,13440812,664,2021-10-13 00:00:00.000,00:00,
35,2.4335792555,15007572,13730763,32295,299260,2021-10-12 10:34:11.074,2594,334149,1276809,13396614,663,2021-10-12 00:00:00.000,00:00,
36,2.4253840387,14977407,13721662,32198,298022,2021-10-11 09:36:36.635,2583,332803,1255745,13388859,662,2021-10-11 00:00:00.000,00:00,
37,2.4215310314,14951646,13689934,32223,296708,2021-10-10 09:40:09.109,2575,331506,1261712,13358428,661,2021-10-10 00:00:00.000,00:00,
38,2.4118597481,14925863,13678739,32423,294929,2021-10-09 09:42:58.176,2560,329912,1247124,13348827,660,2021-10-09 00:00:00.000,00:00,
39,2.4027481497,14882186,13649329,33314,292091,2021-10-08 09:46:59.694,2554,327959,1232857,13321370,659,2021-10-08 00:00:00.000,00:00,
40,2.3965178152,14833965,13594224,34422,288822,2021-10-07 09:48:27.592,2544,325788,1239741,13268436,658,2021-10-07 00:00:00.000,00:00,
41,2.384482953,14780938,13561137,33787,287040,2021-10-06 09:49:43.197,2536,323363,1219801,13237774,657,2021-10-06 00:00:00.000,00:00,
42,2.3797170401,14731627,13503118,34615,284197,2021-10-05 09:54:11.433,2524,321336,1228509,13181782,656,2021-10-05 00:00:00.000,00:00,
43,2.3712389557,14701211,13485018,34580,282669,2021-10-04 09:50:15.715,2513,319762,1216193,13165256,655,2021-10-04 00:00:00.000,00:00,
44,2.3610926678,14675115,13472237,36738,278847,2021-10-03 10:22:27.003,2507,318092,1202878,13154145,654,2021-10-03 00:00:00.000,00:00,
45,2.3468498991,14644685,13465156,36411,277092,2021-10-02 09:52:30.389,2504,316007,1179529,13149149,653,2021-10-02 00:00:00.000,00:00,
46,2.3367517214,14596211,13427186,35687,275576,2021-10-01 09:57:42.109,2497,313760,1169025,13113426,652,2021-10-01 00:00:00.000,00:00,
47,2.3238937994,14544246,13394588,34590,274205,2021-09-30 09:58:40.205,2481,311276,1149658,13083312,651,2021-09-30 00:00:00.000,00:00,
48,2.3128818186,14485251,13347634,33517,272724,2021-09-29 09:58:03.378,2474,308715,1137617,13038919,650,2021-09-29 00:00:00.000,00:00,
49,2.3012044013,14425565,13290171,32442,270928,2021-09-28 09:57:34.945,2464,305834,1135394,12984337,649,2021-09-28 00:00:00.000,00:00,
50,2.2916366729,14365928,13245817,31958,269132,2021-09-27 10:08:41.366,2456,303546,1120111,12942271,648,2021-09-27 00:00:00.000,00:00,
51,2.2765394695,14325932,13229070,30575,268140,2021-09-26 09:38:04.296,2450,301165,1096862,12927905,647,2021-09-26 00:00:00.000,00:00,
52,2.2556083498,14285337,13229114,29545,266411,2021-09-25 10:49:15.225,2441,298397,1056223,12930717,646,2021-09-25 00:00:00.000,00:00,
53,2.2373051937,14221682,13191182,28203,264490,2021-09-24 09:53:29.116,2434,295127,1030500,12896055,645,2021-09-24 00:00:00.000,00:00,
54,2.2315508683,14151069,13116349,27431,262840,2021-09-23 10:01:14.491,2427,292698,1034720,12823651,644,2021-09-23 00:00:00.000,00:00,
55,2.2187986844,14112435,13114439,26754,261810,2021-09-22 09:35:53.930,2419,290983,997996,12823456,643,2021-09-22 00:00:00.000,00:00,
56,2.2055202395,14081284,13115409,26762,260088,2021-09-21 09:39:49.437,2413,289263,965875,12826146,642,2021-09-21 00:00:00.000,00:00,
57,2.1953447092,14050974,13097442,26117,259008,2021-09-20 09:09:41.180,2409,287534,953532,12809908,641,2021-09-20 00:00:00.000,00:00,
58,2.1846289164,14020498,13088264,26080,257447,2021-09-19 09:31:46.109,2403,285930,932234,12802334,640,2021-09-19 00:00:00.000,00:00,
59,2.1732822659,13986615,13068758,25615,256012,2021-09-18 09:58:15.323,2394,284021,917857,12784737,639,2021-09-18 00:00:00.000,00:00,
60,2.1657706317,13938955,13017722,25467,254078,2021-09-17 10:15:01.593,2389,281934,921233,12735788,638,2021-09-17 00:00:00.000,00:00,
61,2.1581912906,13890499,12970398,25512,252028,2021-09-16 09:51:44.269,2386,279926,920101,12690472,637,2021-09-16 00:00:00.000,00:00,
62,2.1507521063,13839087,12924967,25784,249820,2021-09-15 09:51:20.667,2380,277984,914120,12646983,636,2021-09-15 00:00:00.000,00:00,
63,2.1429205506,13790239,12875839,25905,247647,2021-09-14 09:45:02.459,2367,275919,914400,12599920,635,2021-09-14 00:00:00.000,00:00,
64,2.1421622059,13735740,12810001,26560,245491,2021-09-13 09:40:59.629,2360,274411,925739,12535590,634,2021-09-13 00:00:00.000,00:00,
65,2.133681795,13704173,12793754,26174,244445,2021-09-12 09:35:58.190,2359,272978,910419,12520776,633,2021-09-12 00:00:00.000,00:00,
66,2.1238438972,13665460,12770383,25921,242944,2021-09-11 09:42:37.082,2358,271223,895077,12499160,632,2021-09-11 00:00:00.000,00:00,
67,2.1165404367,13615055,12726381,26295,240716,2021-09-10 09:40:06.372,2348,269359,888674,12457022,631,2021-09-10 00:00:00.000,00:00,
68,2.1108607132,13568869,12670945,26222,238901,2021-09-09 09:40:59.551,2343,267466,897924,12403479,630,2021-09-09 00:00:00.000,00:00,
69,2.1029508357,13519664,12621170,25813,237270,2021-09-08 09:39:50.468,2334,265417,898494,12355753,629,2021-09-08 00:00:00.000,00:00,
70,2.0933234213,13468412,12581429,25831,235209,2021-09-07 09:39:03.178,2330,263370,886983,12318059,628,2021-09-07 00:00:00.000,00:00,
71,2.0899330761,13416743,12525425,25768,233678,2021-09-06 09:43:09.889,2327,261773,891318,12263652,627,2021-09-06 00:00:00.000,00:00,
72,2.0818451237,13382733,12508039,25760,232317,2021-09-05 10:48:36.114,2321,260398,874694,12247641,626,2021-09-05 00:00:00.000,00:00,
73,2.0712936609,13350356,12499821,26203,230390,2021-09-04 09:41:36.458,2315,258908,850535,12240913,624,2021-09-04 00:00:00.000,00:00,
74,2.0631981163,13286677,12461479,26194,228603,2021-09-03 09:44:30.979,2308,257105,825198,12204374,623,2021-09-03 00:00:00.000,00:00,
75,2.0590600836,13223511,12403572,26888,226206,2021-09-02 09:37:25.055,2303,255397,819939,12148175,622,2021-09-02 00:00:00.000,00:00,
76,2.0486112823,13152140,12371161,26840,224305,2021-09-01 09:37:02.395,2292,253437,780979,12117724,621,2021-09-01 00:00:00.000,00:00,
77,2.0368097463,13094711,12343470,27440,221688,2021-08-31 00:00:00.000,2285,251413,751241,12092057,590,2021-08-31 00:00:00.000,00:00,
78,2.0357048445,13049678,12282871,27413,220346,2021-08-30 00:00:00.000,2284,250043,766807,12032828,589,2021-08-30 00:00:00.000,00:00,
79,2.0284939755,13015921,12253327,27566,218713,2021-08-29 00:00:00.000,2279,248558,762594,12004769,588,2021-08-29 00:00:00.000,00:00,
80,2.0174245601,12983486,12240309,27689,216974,2021-08-28 00:00:00.000,2276,246939,743177,11993370,587,2021-08-28 00:00:00.000,00:00,
81,2.007877595,12927789,12209310,28224,214659,2021-08-27 00:00:00.000,2265,245148,718479,11964162,586,2021-08-27 00:00:00.000,00:00,
82,2.0015386389,12866797,12156198,28194,212860,2021-08-26 00:00:00.000,2257,243311,710599,11912887,585,2021-08-26 00:00:00.000,00:00,
83,1.9937943791,12806608,12109022,28038,211154,2021-08-25 00:00:00.000,2237,241429,697586,11867593,584,2021-08-25 00:00:00.000,00:00,
84,1.9837816985,12749751,12061559,27873,209174,2021-08-24 00:00:00.000,2228,239275,688192,11822284,583,2021-08-24 00:00:00.000,00:00,
85,1.9806118815,12694018,12004775,27962,207584,2021-08-23 00:00:00.000,2222,237768,689243,11767007,582,2021-08-23 00:00:00.000,00:00,
86,1.9719111271,12664332,11985885,27879,206257,2021-08-22 00:00:00.000,2215,236351,678447,11749534,581,2021-08-22 00:00:00.000,00:00,
87,1.9618302101,12632591,11964593,28025,204498,2021-08-21 00:00:00.000,2202,234725,667998,11729868,580,2021-08-21 00:00:00.000,00:00,
88,1.9562292672,12567090,11907500,27987,202754,2021-08-20 00:00:00.000,2197,232938,659590,11674562,579,2021-08-20 00:00:00.000,00:00,
89,1.9450436142,12518695,11865955,27394,201213,2021-08-19 00:00:00.000,2191,230798,652740,11635157,578,2021-08-19 00:00:00.000,00:00,
90,1.9332627544,12461676,11826949,26904,199564,2021-08-18 00:00:00.000,2178,228646,634727,11598303,577,2021-08-18 00:00:00.000,00:00,
91,1.8771729143,12404969,12084289,27459,197211,2021-08-17 00:00:00.000,2173,226843,320680,11857446,576,2021-08-17 00:00:00.000,00:00,
92,1.9144144144,12372769,11777544,27118,196186,2021-08-16 00:00:00.000,2167,225471,595225,11552073,575,2021-08-16 00:00:00.000,00:00,
93,1.9041241268,12344711,11759580,26670,195091,2021-08-15 00:00:00.000,2156,223917,585131,11535663,574,2021-08-15 00:00:00.000,00:00,
94,1.8907735433,12309273,11746568,26187,193766,2021-08-14 00:00:00.000,2148,222101,562705,11524467,573,2021-08-14 00:00:00.000,00:00,
95,1.8788618674,12257959,11718424,25794,192235,2021-08-13 00:00:00.000,2144,220173,539535,11498251,572,2021-08-13 00:00:00.000,00:00,
96,1.8653085221,12207035,11696939,25527,190519,2021-08-12 00:00:00.000,2138,218184,510096,11478755,571,2021-08-12 00:00:00.000,00:00,
97,1.8528855321,12156192,11668125,24571,189491,2021-08-11 00:00:00.000,2135,216197,488067,11451928,570,2021-08-11 00:00:00.000,00:00,
98,1.8373099383,12112079,11646157,24334,187508,2021-08-10 00:00:00.000,2134,213976,465922,11432181,569,2021-08-10 00:00:00.000,00:00,
99,1.8329008458,12057824,11590316,24088,186226,2021-08-09 00:00:00.000,2125,212439,467508,11377877,568,2021-08-09 00:00:00.000,00:00,
100,1.8246269102,12027437,11561158,23840,184987,2021-08-08 00:00:00.000,2121,210948,466279,11350210,567,2021-08-08 00:00:00.000,00:00,
101,1.811282604,11995923,11550986,23435,183670,2021-08-07 00:00:00.000,2116,209221,444937,11341765,566,2021-08-07 00:00:00.000,00:00,
102,1.799611891,11951646,11524596,22828,182457,2021-08-06 00:00:00.000,2113,207398,427050,11317198,565,2021-08-06 00:00:00.000,00:00,
103,1.789742069,11908430,11492941,22863,180722,2021-08-05 00:00:00.000,2109,205694,415489,11287247,564,2021-08-05 00:00:00.000,00:00,
104,1.77841233,11864240,11466351,22425,179388,2021-08-04 00:00:00.000,2106,203919,397889,11262432,563,2021-08-04 00:00:00.000,00:00,
105,1.765622622,11820011,11451711,22300,177790,2021-08-03 00:00:00.000,2104,202194,368300,11249517,562,2021-08-03 00:00:00.000,00:00,
106,1.765361674,11772599,11385429,22323,176572,2021-08-02 00:00:00.000,2099,200994,387170,11184435,561,2021-08-02 00:00:00.000,00:00,
107,1.756553576,11751780,11373180,22411,175267,2021-08-01 00:00:00.000,2098,199776,378600,11173404,560,2021-08-01 00:00:00.000,00:00,
108,1.745957213,11728815,11359614,21898,174341,2021-07-31 00:00:00.000,2095,198334,369201,11161280,559,2021-07-31 00:00:00.000,00:00,
109,1.737598412,11682962,11325747,21860,172847,2021-07-30 00:00:00.000,2089,196796,357215,11128951,558,2021-07-30 00:00:00.000,00:00,
110,1.727162415,11637500,11295174,21573,171428,2021-07-29 00:00:00.000,2085,195086,342326,11100088,557,2021-07-29 00:00:00.000,00:00,
111,1.717447696,11585607,11261653,21100,170230,2021-07-28 00:00:00.000,2083,193413,323954,11068240,556,2021-07-28 00:00:00.000,00:00,
112,1.707057587,11528602,11219188,20273,169166,2021-07-27 00:00:00.000,2079,191518,309414,11027670,555,2021-07-27 00:00:00.000,00:00,
113,1.699126896,11472339,11191336,20776,167302,2021-07-26 00:00:00.000,2077,190155,281003,11001181,554,2021-07-26 00:00:00.000,00:00,
114,1.689275533,11453340,11178579,20725,166039,2021-07-25 00:00:00.000,2073,188837,274761,10989742,553,2021-07-25 00:00:00.000,00:00,
115,1.67939231,11430518,11155821,19335,165947,2021-07-24 00:00:00.000,2068,187350,274697,10968471,552,2021-07-24 00:00:00.000,00:00,
116,1.671630834,11388299,11110288,18838,164819,2021-07-23 00:00:00.000,2066,185723,278011,10924565,551,2021-07-23 00:00:00.000,00:00,
117,1.662335814,11343913,11074417,18251,163780,2021-07-22 00:00:00.000,2063,184094,269496,10890323,550,2021-07-22 00:00:00.000,00:00,
118,1.649873688,11298669,11046482,17546,162647,2021-07-21 00:00:00.000,2060,182253,252187,10864229,549,2021-07-21 00:00:00.000,00:00,
119,1.639564831,11251982,11007311,17206,161207,2021-07-20 00:00:00.000,2059,180472,244671,10826839,548,2021-07-20 00:00:00.000,00:00,
120,1.634722225,11202429,10961740,17216,159920,2021-07-19 00:00:00.000,2058,179194,240689,10782546,547,2021-07-19 00:00:00.000,00:00,
121,1.630927675,11175977,10910539,16683,159203,2021-07-18 00:00:00.000,2057,177943,265438,10732596,546,2021-07-18 00:00:00.000,00:00,
122,1.615973942,11149223,10921587,15907,158528,2021-07-17 00:00:00.000,2055,176490,227636,10745097,545,2021-07-17 00:00:00.000,00:00,
123,1.60729781,11108582,10890390,15457,157533,2021-07-16 00:00:00.000,2051,175041,218192,10715349,544,2021-07-16 00:00:00.000,00:00,
124,1.598253496,11060454,10855975,14770,156686,2021-07-15 00:00:00.000,2050,173506,204479,10682469,543,2021-07-15 00:00:00.000,00:00,
125,1.587769115,11008857,10826952,13775,156084,2021-07-14 00:00:00.000,2048,171907,181905,10655045,542,2021-07-14 00:00:00.000,00:00,
126,1.578964888,10964297,10785167,13183,155065,2021-07-13 00:00:00.000,2046,170294,179130,10614873,541,2021-07-13 00:00:00.000,00:00,
127,1.574131766,10919896,10745225,12775,154325,2021-07-12 00:00:00.000,2044,169144,174671,10576081,540,2021-07-12 00:00:00.000,00:00,
128,1.566666486,10902276,10726214,12241,153760,2021-07-11 00:00:00.000,2043,168044,176062,10558170,539,2021-07-11 00:00:00.000,00:00,
129,1.556397131,10881638,10711919,11529,153153,2021-07-10 00:00:00.000,2038,166720,169719,10545199,538,2021-07-10 00:00:00.000,00:00,
130,1.547603102,10844215,10683747,10808,152498,2021-07-09 00:00:00.000,2036,165342,160468,10518405,537,2021-07-09 00:00:00.000,00:00,
131,1.539915705,10802780,10651622,10069,151923,2021-07-08 00:00:00.000,2034,164026,151158,10487596,536,2021-07-08 00:00:00.000,00:00,
132,1.531954059,10766500,10623752,9218,151500,2021-07-07 00:00:00.000,2033,162751,142748,10461001,535,2021-07-07 00:00:00.000,00:00,
133,1.52482307,10735715,10594016,8749,150759,2021-07-06 00:00:00.000,2032,161540,141699,10432476,534,2021-07-06 00:00:00.000,00:00,
134,1.521915262,10700133,10565240,8723,150043,2021-07-05 00:00:00.000,2028,160794,134893,10404446,533,2021-07-05 00:00:00.000,00:00,
135,1.517543135,10685124,10548827,8444,149613,2021-07-04 00:00:00.000,2026,160083,136297,10388744,532,2021-07-04 00:00:00.000,00:00,
136,1.512237172,10670616,10536707,8184,149131,2021-07-03 00:00:00.000,2025,159340,133909,10377367,531,2021-07-03 00:00:00.000,00:00,
137,1.508391023,10641601,10510935,8204,148318,2021-07-02 00:00:00.000,2024,158546,130666,10352389,530,2021-07-02 00:00:00.000,00:00,
138,1.503624138,10614315,10489390,7676,148024,2021-07-01 00:00:00.000,2021,157721,124925,10331669,529,2021-07-01 00:00:00.000,00:00,
139,1.499862255,10579071,10464961,7250,147692,2021-06-30 00:00:00.000,2018,156960,114110,10308001,528,2021-06-30 00:00:00.000,00:00,
140,1.496003116,10555740,10438882,7074,147075,2021-06-29 00:00:00.000,2017,156166,116858,10282716,527,2021-06-29 00:00:00.000,00:00,
141,1.495000281,10520928,10406085,6884,146672,2021-06-28 00:00:00.000,2015,155571,114843,10250514,526,2021-06-28 00:00:00.000,00:00,
142,1.492162323,10508677,10392301,6720,146337,2021-06-27 00:00:00.000,2013,155070,116376,10237231,525,2021-06-27 00:00:00.000,00:00,
143,1.487880387,10495515,10380942,6458,145986,2021-06-26 00:00:00.000,2012,154456,114573,10226486,524,2021-06-26 00:00:00.000,00:00,
144,1.486685106,10466544,10344356,6394,145385,2021-06-25 00:00:00.000,2009,153788,122188,10190568,523,2021-06-25 00:00:00.000,00:00,
145,1.484365384,10438781,10317810,6363,144783,2021-06-24 00:00:00.000,2008,153154,120971,10164656,522,2021-06-24 00:00:00.000,00:00,
146,1.483868388,10409948,10280157,6164,144373,2021-06-23 00:00:00.000,2007,152544,129791,10127613,521,2021-06-23 00:00:00.000,00:00,
147,1.481520134,10380042,10252915,6082,143811,2021-06-22 00:00:00.000,2006,151899,127127,10101016,520,2021-06-22 00:00:00.000,00:00,
148,1.48278272,10346046,10217613,6244,143257,2021-06-21 00:00:00.000,2004,151505,128433,10066108,519,2021-06-21 00:00:00.000,00:00,
149,1.481179366,10335633,10204571,6259,142887,2021-06-20 00:00:00.000,2002,151148,131062,10053423,518,2021-06-20 00:00:00.000,00:00,
150,1.478444312,10323153,10194432,6343,142379,2021-06-19 00:00:00.000,1997,150719,128721,10043713,517,2021-06-19 00:00:00.000,00:00,
151,1.477516692,10294047,10168210,6432,141809,2021-06-18 00:00:00.000,1996,150237,125837,10017973,516,2021-06-18 00:00:00.000,00:00,
152,1.477134747,10257835,10136516,6714,141022,2021-06-17 00:00:00.000,1994,149730,121319,9986786,515,2021-06-17 00:00:00.000,00:00,
153,1.475577311,10229383,10110619,6766,140431,2021-06-16 00:00:00.000,1993,149190,118764,9961429,514,2021-06-16 00:00:00.000,00:00,
154,1.475706268,10196468,10072804,6927,139726,2021-06-15 00:00:00.000,1992,148645,123664,9924159,513,2021-06-15 00:00:00.000,00:00,
155,1.476508035,10165496,10042072,7269,139015,2021-06-14 00:00:00.000,1988,148272,123424,9893800,512,2021-06-14 00:00:00.000,00:00,
156,1.474543917,10152906,10028389,7316,138572,2021-06-13 00:00:00.000,1985,147873,124517,9880516,511,2021-06-13 00:00:00.000,00:00,
157,1.47151213,10140534,10018334,7409,138030,2021-06-12 00:00:00.000,1982,147421,122200,9870913,510,2021-06-12 00:00:00.000,00:00,
158,1.471899741,10111063,9977310,7658,137217,2021-06-11 00:00:00.000,1981,146856,133753,9830454,509,2021-06-11 00:00:00.000,00:00,
159,1.470864122,10076861,9946534,7616,136705,2021-06-10 00:00:00.000,1979,146300,130327,9800234,508,2021-06-10 00:00:00.000,00:00,
160,1.469633196,10044782,9913358,7547,136166,2021-06-09 00:00:00.000,1977,145690,131424,9767668,507,2021-06-09 00:00:00.000,00:00,
161,1.470090853,10008582,9869322,7709,135404,2021-06-08 00:00:00.000,1975,145088,139260,9724234,506,2021-06-08 00:00:00.000,00:00,
162,1.470490004,9972295,9835769,7808,134852,2021-06-07 00:00:00.000,1974,144634,136526,9691135,505,2021-06-07 00:00:00.000,00:00,
163,1.467429756,9959695,9823230,7922,134254,2021-06-06 00:00:00.000,1973,144149,136465,9679081,504,2021-06-06 00:00:00.000,00:00,
164,1.463921944,9945952,9808788,7867,133755,2021-06-05 00:00:00.000,1971,143593,137164,9665195,503,2021-06-05 00:00:00.000,00:00,
165,1.461000475,9911322,9777478,7602,133278,2021-06-04 00:00:00.000,1969,142849,133844,9634629,502,2021-06-04 00:00:00.000,00:00,
166,1.459112138,9872322,9742500,7496,132690,2021-06-03 00:00:00.000,1968,142154,129822,9600346,501,2021-06-03 00:00:00.000,00:00,
167,1.457668392,9834348,9705431,7447,132061,2021-06-02 00:00:00.000,1965,141473,128917,9563958,500,2021-06-02 00:00:00.000,00:00,
168,1.455889634,9798400,9670788,7376,131457,2021-06-01 00:00:00.000,1963,140796,127612,9529992,499,2021-06-01 00:00:00.000,00:00,
169,1.4568051768,9761156,9633203,7561,130817,2021-05-30 00:00:00.000,1959,140337,127953,9492866,498,2021-05-31 00:00:00.000,00:00,
170,1.454165571,9747612,9621119,7576,130374,2021-05-30 00:00:00.000,1957,139907,126493,9481212,497,2021-05-30 00:00:00.000,00:00,
171,1.450883775,9733588,9609798,7745,129731,2021-05-29 00:00:00.000,1951,139427,123790,9470371,496,2021-05-29 00:00:00.000,00:00,
172,1.449896399,9702453,9579581,8198,128750,2021-05-28 00:00:00.000,1946,138894,122872,9440687,495,2021-05-28 00:00:00.000,00:00,
173,1.449298446,9665690,9543031,8195,128169,2021-05-27 00:00:00.000,1943,138307,122659,9404724,494,2021-05-27 00:00:00.000,00:00,
174,1.447963934,9629455,9508386,8176,127562,2021-05-26 00:00:00.000,1940,137678,121069,9370708,493,2021-05-26 00:00:00.000,00:00,
175,1.445529521,9592726,9475628,8052,126983,2021-05-25 00:00:00.000,1938,136973,117098,9338655,492,2021-05-25 00:00:00.000,00:00,
176,1.446605861,9553612,9432908,8105,126418,2021-05-24 00:00:00.000,1934,136457,120704,9296451,491,2021-05-24 00:00:00.000,00:00,
177,1.443871791,9536298,9414063,8165,125831,2021-05-23 00:00:00.000,1931,135927,122235,9278136,490,2021-05-23 00:00:00.000,00:00,
178,1.439286846,9520965,9403407,8392,125024,2021-05-22 00:00:00.000,1926,135342,117558,9268065,489,2021-05-22 00:00:00.000,00:00,
179,1.4368562,9487107,9372963,8604,124150,2021-05-21 00:00:00.000,1922,134676,114144,9238287,488,2021-05-21 00:00:00.000,00:00,
180,1.436153877,9447357,9338484,8550,123649,2021-05-20 00:00:00.000,1916,134115,108873,9204369,487,2021-05-20 00:00:00.000,00:00,
181,1.431433582,9428643,9324149,8333,123224,2021-05-19 00:00:00.000,1912,133469,104494,9190680,486,2021-05-19 00:00:00.000,00:00,
182,1.429410897,9395003,9291590,8296,122615,2021-05-18 00:00:00.000,1904,132815,103413,9158775,485,2021-05-18 00:00:00.000,00:00,
183,1.429898627,9353299,9251495,8233,122151,2021-05-17 00:00:00.000,1903,132287,101804,9119208,484,2021-05-17 00:00:00.000,00:00,
184,1.425757584,9336613,9234950,8025,121743,2021-05-16 00:00:00.000,1900,131668,101663,9103282,483,2021-05-16 00:00:00.000,00:00,
185,1.421472325,9319093,9219877,7892,121270,2021-05-15 00:00:00.000,1896,131058,99216,9088819,482,2021-05-15 00:00:00.000,00:00,
186,1.419288441,9281290,9186082,8100,120384,2021-05-14 00:00:00.000,1893,130377,95208,9055705,481,2021-05-14 00:00:00.000,00:00,
187,1.416158717,9241152,9153635,7847,119892,2021-05-13 00:00:00.000,1891,129630,87517,9024005,480,2021-05-13 00:00:00.000,00:00,
188,1.413966632,9201538,9117259,7671,119360,2021-05-12 00:00:00.000,1884,128915,84279,8988344,479,2021-05-12 00:00:00.000,00:00,
189,1.412840025,9164283,9079655,7696,118706,2021-05-11 00:00:00.000,1879,128281,84628,8951374,478,2021-05-11 00:00:00.000,00:00,
190,1.413605557,9122058,9038660,8064,117832,2021-05-10 00:00:00.000,1875,127771,83398,8910889,477,2021-05-10 00:00:00.000,00:00,
191,1.410694676,9105770,9024490,8023,117411,2021-05-09 00:00:00.000,1874,127308,81280,8897182,476,2021-05-09 00:00:00.000,00:00,
192,1.406562226,9089165,9010906,8011,116868,2021-05-08 00:00:00.000,1865,126744,78259,8884162,475,2021-05-08 00:00:00.000,00:00,
193,1.404776863,9051353,8972457,8175,116008,2021-05-07 00:00:00.000,1860,126043,78896,8846414,474,2021-05-07 00:00:00.000,00:00,
194,1.404957457,9010991,8933936,8190,115477,2021-05-06 00:00:00.000,1851,125518,77055,8808418,473,2021-05-06 00:00:00.000,00:00,
195,1.401491609,8994068,8915073,8166,114931,2021-05-05 00:00:00.000,1847,124944,78995,8790129,472,2021-05-05 00:00:00.000,00:00,
196,1.399562882,8957154,8879058,8313,114115,2021-05-04 00:00:00.000,1840,124268,78096,8754790,471,2021-05-04 00:00:00.000,00:00,
197,1.401798692,8915325,8826303,8548,113345,2021-05-03 00:00:00.000,1834,123727,89022,8702576,470,2021-05-03 00:00:00.000,00:00,
198,1.398595447,8898233,8811626,8551,112855,2021-05-02 00:00:00.000,1833,123239,86607,8688387,469,2021-05-02 00:00:00.000,00:00,
199,1.393845883,8883387,8798175,8474,112328,2021-05-01 00:00:00.000,1831,122633,85212,8675542,468,2021-05-01 00:00:00.000,00:00,
200,1.391844194,8848291,8765780,8766,111412,2021-04-30 00:00:00.000,1828,122006,82511,8643774,467,2021-04-30 00:00:00.000,00:00,
201,1.390712113,8805778,8725386,8742,110778,2021-04-29 00:00:00.000,1825,121345,80392,8604041,466,2021-04-29 00:00:00.000,00:00,
202,1.388668632,8766496,8689330,8606,110239,2021-04-28 00:00:00.000,1821,120666,77166,8568664,465,2021-04-28 00:00:00.000,00:00,
203,1.386878116,8721608,8645100,8391,109686,2021-04-27 00:00:00.000,1820,119897,76508,8525203,464,2021-04-27 00:00:00.000,00:00,
204,1.389022528,8672977,8594893,8727,108841,2021-04-26 00:00:00.000,1817,119385,78084,8475508,463,2021-04-26 00:00:00.000,00:00,
205,1.386065198,8654790,8577230,8608,108465,2021-04-25 00:00:00.000,1813,118886,77560,8458344,462,2021-04-25 00:00:00.000,00:00,
206,1.382195163,8632922,8554653,8659,107771,2021-04-24 00:00:00.000,1812,118242,78269,8436411,461,2021-04-24 00:00:00.000,00:00,
207,1.374796777,8583529,8543590,8585,107061,2021-04-23 00:00:00.000,1811,117457,39939,8426133,460,2021-04-23 00:00:00.000,00:00,
208,1.377272408,8537504,8470365,8403,106449,2021-04-22 00:00:00.000,1808,116660,67139,8353705,459,2021-04-22 00:00:00.000,00:00,
209,1.375085969,8497593,8430382,8252,105867,2021-04-21 00:00:00.000,1806,115925,67211,8314457,458,2021-04-21 00:00:00.000,00:00,
210,1.372664279,8458591,8392001,8175,105217,2021-04-20 00:00:00.000,1802,115194,66590,8276807,457,2021-04-20 00:00:00.000,00:00,
211,1.373971918,8414820,8344057,8378,104466,2021-04-19 00:00:00.000,1801,114645,70763,8229412,456,2021-04-19 00:00:00.000,00:00,
212,1.37091215,8396065,8323874,8318,103998,2021-04-18 00:00:00.000,1797,114113,72191,8209761,455,2021-04-18 00:00:00.000,00:00,
213,1.365662265,8377778,8306739,8063,103585,2021-04-17 00:00:00.000,1794,113442,71039,8193297,454,2021-04-17 00:00:00.000,00:00,
214,1.365019181,8333331,8262448,7945,103049,2021-04-16 00:00:00.000,1790,112784,70883,8149664,453,2021-04-16 00:00:00.000,00:00,
215,1.363730967,8291124,8220903,7822,102501,2021-04-15 00:00:00.000,1788,112111,70221,8108792,452,2021-04-15 00:00:00.000,00:00,
216,1.363557535,8245386,8170759,7661,101970,2021-04-14 00:00:00.000,1782,111413,74627,8059346,451,2021-04-14 00:00:00.000,00:00,
217,1.36392993,8200517,8114933,7589,101318,2021-04-13 00:00:00.000,1775,110682,85584,8004251,450,2021-04-13 00:00:00.000,00:00,
218,1.366919627,8152781,8057533,7580,100790,2021-04-12 00:00:00.000,1770,110140,95248,7947393,449,2021-04-12 00:00:00.000,00:00,
219,1.363002809,8129530,8037621,7683,100102,2021-04-11 00:00:00.000,1768,109553,91909,7928068,448,2021-04-11 00:00:00.000,00:00,
220,1.358915373,8106628,8016614,7883,99291,2021-04-10 00:00:00.000,1765,108939,90014,7907675,447,2021-04-10 00:00:00.000,00:00,
221,1.357143027,8059111,7977199,7720,98778,2021-04-09 00:00:00.000,1764,108262,81912,7868937,446,2021-04-09 00:00:00.000,00:00,
222,1.356002483,8012419,7934425,7482,98351,2021-04-08 00:00:00.000,1758,107591,77994,7826834,445,2021-04-08 00:00:00.000,00:00,
223,1.354504067,7966165,7891523,7215,97920,2021-04-07 00:00:00.000,1756,106891,74642,7784632,444,2021-04-07 00:00:00.000,00:00,
224,1.354516686,7921288,7842133,7119,97352,2021-04-06 00:00:00.000,1752,106223,79155,7735910,443,2021-04-06 00:00:00.000,00:00,
225,1.35775092,7868818,7788321,7108,96890,2021-04-05 00:00:00.000,1748,105746,80497,7682575,442,2021-04-05 00:00:00.000,00:00,
226,1.354921538,7849474,7769675,6951,96578,2021-04-04 00:00:00.000,1744,105273,79799,7664402,441,2021-04-04 00:00:00.000,00:00,
227,1.350603555,7829599,7754311,6805,96185,2021-04-03 00:00:00.000,1740,104730,75288,7649581,440,2021-04-03 00:00:00.000,00:00,
228,1.350002546,7788293,7717541,6603,95847,2021-04-02 00:00:00.000,1737,104187,70752,7613354,439,2021-04-02 00:00:00.000,00:00,
229,1.349060526,7747301,7681642,6469,95426,2021-04-01 00:00:00.000,1735,103630,65659,7578012,438,2021-04-01 00:00:00.000,00:00,
230,1.349820651,7707798,7636496,6331,95017,2021-03-31 00:00:00.000,1731,103079,71302,7533417,437,2021-03-31 00:00:00.000,00:00,
231,1.352211626,7663997,7585573,6294,94550,2021-03-30 00:00:00.000,1729,102573,78424,7483000,436,2021-03-30 00:00:00.000,00:00,
232,1.354925246,7616328,7537390,6290,94110,2021-03-29 00:00:00.000,1726,102126,78938,7435264,435,2021-03-29 00:00:00.000,00:00,
233,1.353520672,7595594,7516989,6179,93843,2021-03-28 00:00:00.000,1722,101744,78605,7415245,434,2021-03-28 00:00:00.000,00:00,
234,1.350629659,7572566,7497392,6077,93464,2021-03-27 00:00:00.000,1721,101262,75174,7396130,433,2021-03-27 00:00:00.000,00:00,
235,1.35208143,7529401,7451992,6429,92612,2021-03-26 00:00:00.000,1716,100757,77409,7351235,432,2021-03-26 00:00:00.000,00:00,
236,1.355178997,7485858,7398875,6506,92053,2021-03-25 00:00:00.000,1709,100268,86983,7298607,431,2021-03-25 00:00:00.000,00:00,
237,1.358916428,7441209,7346883,6586,91545,2021-03-24 00:00:00.000,1707,99838,94326,7247045,430,2021-03-24 00:00:00.000,00:00,
238,1.361628431,7400989,7300817,6642,91064,2021-03-23 00:00:00.000,1704,99410,100172,7201407,429,2021-03-23 00:00:00.000,00:00,
239,1.365866653,7355963,7252831,6770,90597,2021-03-22 00:00:00.000,1697,99064,103132,7153767,428,2021-03-22 00:00:00.000,00:00,
240,1.363609032,7332713,7234405,6639,90314,2021-03-21 00:00:00.000,1696,98649,98308,7135756,427,2021-03-21 00:00:00.000,00:00,
241,1.36078075,7308949,7215931,6565,89935,2021-03-20 00:00:00.000,1693,98193,93018,7117738,426,2021-03-20 00:00:00.000,00:00,
242,1.362010055,7264940,7176599,6548,89508,2021-03-19 00:00:00.000,1690,97746,88341,7078853,425,2021-03-19 00:00:00.000,00:00,
243,1.364731094,7218086,7128364,6431,89164,2021-03-18 00:00:00.000,1688,97283,89722,7031081,424,2021-03-18 00:00:00.000,00:00,
244,1.366215546,7171509,7088047,6353,88799,2021-03-17 00:00:00.000,1686,96838,83462,6991209,423,2021-03-17 00:00:00.000,00:00,
245,1.367317856,7126076,7048032,6451,88240,2021-03-16 00:00:00.000,1678,96369,78044,6951663,422,2021-03-16 00:00:00.000,00:00,
246,1.368903786,7084939,7013349,6591,87740,2021-03-15 00:00:00.000,1675,96006,71590,6917343,421,2021-03-15 00:00:00.000,00:00,
247,1.366772257,7066400,6996557,6565,87393,2021-03-14 00:00:00.000,1669,95627,69843,6900930,420,2021-03-14 00:00:00.000,00:00,
248,1.36365193,7046781,6978907,6888,86613,2021-03-13 00:00:00.000,1667,95168,67874,6883739,419,2021-03-13 00:00:00.000,00:00,
249,1.363465187,7012663,6943925,7284,85732,2021-03-12 00:00:00.000,1662,94678,68738,6849247,418,2021-03-12 00:00:00.000,00:00,
250,1.363346349,6976984,6908736,7873,84665,2021-03-11 00:00:00.000,1652,94190,68248,6814546,417,2021-03-11 00:00:00.000,00:00,
251,1.364541999,6938883,6868605,7776,84301,2021-03-10 00:00:00.000,1648,93725,70278,6774880,416,2021-03-10 00:00:00.000,00:00,
252,1.364877361,6902983,6832482,7721,83889,2021-03-09 00:00:00.000,1645,93255,70501,6739227,415,2021-03-09 00:00:00.000,00:00,
253,1.365960332,6861808,6794414,7705,83462,2021-03-08 00:00:00.000,1642,92809,67394,6701605,414,2021-03-08 00:00:00.000,00:00,
254,1.364419324,6843125,6776729,7622,83207,2021-03-07 00:00:00.000,1634,92463,66396,6684266,413,2021-03-07 00:00:00.000,00:00,
255,1.362292728,6821942,6756771,7514,82901,2021-03-06 00:00:00.000,1632,92047,65171,6664724,412,2021-03-06 00:00:00.000,00:00,
256,1.362451625,6789010,6725303,7457,82545,2021-03-05 00:00:00.000,1627,91629,63707,6633674,411,2021-03-05 00:00:00.000,00:00,
257,1.363323226,6751899,6691810,7464,82148,2021-03-04 00:00:00.000,1619,91231,60089,6600579,410,2021-03-04 00:00:00.000,00:00,
258,1.365450011,6716202,6650335,7508,81687,2021-03-03 00:00:00.000,1612,90807,65867,6559528,409,2021-03-03 00:00:00.000,00:00,
259,1.367366453,6681975,6608543,7433,81324,2021-03-02 00:00:00.000,1606,90363,73432,6518180,408,2021-03-02 00:00:00.000,00:00,
260,1.365577626,6665754,6592009,7358,81056,2021-03-01 00:00:00.000,1605,90019,73745,6501990,407,2021-03-01 00:00:00.000,00:00,
261,1.363479598,6649005,6576116,7378,80683,2021-02-28 00:00:00.000,1603,89664,72889,6486452,406,2021-02-28 00:00:00.000,00:00,
262,1.361786154,6627214,6558225,7396,80318,2021-02-27 00:00:00.000,1595,89309,68989,6468916,405,2021-02-27 00:00:00.000,00:00,
263,1.363170117,6590065,6521123,7444,79865,2021-02-26 00:00:00.000,1585,88894,68942,6432229,404,2021-02-26 00:00:00.000,00:00,
264,1.365313386,6551213,6482541,7453,79473,2021-02-25 00:00:00.000,1581,88507,68672,6394034,403,2021-02-25 00:00:00.000,00:00,
265,1.369049312,6510987,6435999,7501,79035,2021-02-24 00:00:00.000,1576,88112,74988,6347887,402,2021-02-24 00:00:00.000,00:00,
266,1.370171942,6472678,6398613,7720,78379,2021-02-23 00:00:00.000,1573,87672,74065,6310941,401,2021-02-23 00:00:00.000,00:00,
267,1.373609691,6429143,6356682,7882,77872,2021-02-22 00:00:00.000,1562,87316,72461,6269366,400,2021-02-22 00:00:00.000,00:00,
268,1.372424003,6411339,6337983,7925,77502,2021-02-21 00:00:00.000,1557,86984,73356,6250999,399,2021-02-21 00:00:00.000,00:00,
269,1.37094142,6390630,6314493,7944,77071,2021-02-20 00:00:00.000,1553,86568,76137,6227925,398,2021-02-20 00:00:00.000,00:00,
270,1.372457619,6345991,6274875,8067,76503,2021-02-19 00:00:00.000,1550,86120,71116,6188755,397,2021-02-19 00:00:00.000,00:00,
271,1.372789348,6303213,6232493,8128,75887,2021-02-18 00:00:00.000,1544,85559,70720,6146934,396,2021-02-18 00:00:00.000,00:00,
272,1.372589831,6260566,6188156,8050,75350,2021-02-17 00:00:00.000,1538,84938,72410,6103218,395,2021-02-17 00:00:00.000,00:00,
273,1.374003682,6213489,6136592,8242,74541,2021-02-16 00:00:00.000,1534,84317,76897,6052275,394,2021-02-16 00:00:00.000,00:00,
274,1.378661134,6162859,6082713,8547,73786,2021-02-15 00:00:00.000,1527,83860,80146,5998853,393,2021-02-15 00:00:00.000,00:00,
275,1.377739762,6140085,6061885,8444,73551,2021-02-14 00:00:00.000,1522,83517,78200,5978368,392,2021-02-14 00:00:00.000,00:00,
276,1.376175852,6115336,6045085,8458,73219,2021-02-13 00:00:00.000,1514,83191,70251,5961894,391,2021-02-13 00:00:00.000,00:00,
277,1.377611702,6093368,6012507,8395,72927,2021-02-12 00:00:00.000,1507,82829,80861,5929678,390,2021-02-12 00:00:00.000,00:00,
278,1.376429369,6070007,5988393,8303,72627,2021-02-11 00:00:00.000,1496,82426,81614,5905967,389,2021-02-11 00:00:00.000,00:00,
279,1.376852832,6030022,5949946,8226,72210,2021-02-10 00:00:00.000,1486,81922,80076,5868024,388,2021-02-10 00:00:00.000,00:00,
280,1.379866528,5987404,5904774,8335,71661,2021-02-09 00:00:00.000,1482,81478,82630,5823296,387,2021-02-09 00:00:00.000,00:00,
281,1.386812206,5938195,5853352,8497,71204,2021-02-08 00:00:00.000,1474,81175,84843,5772177,386,2021-02-08 00:00:00.000,00:00,
282,1.388326537,5916974,5826223,8576,70840,2021-02-07 00:00:00.000,1471,80887,90751,5745336,385,2021-02-07 00:00:00.000,00:00,
283,1.389242841,5893352,5795675,8562,70490,2021-02-06 00:00:00.000,1464,80516,97677,5715159,384,2021-02-06 00:00:00.000,00:00,
284,1.395991442,5847177,5739720,8579,70088,2021-02-05 00:00:00.000,1459,80126,107457,5659594,383,2021-02-05 00:00:00.000,00:00,
285,1.403523344,5803094,5682556,8621,69687,2021-02-04 00:00:00.000,1448,79756,120538,5602800,382,2021-02-04 00:00:00.000,00:00,
286,1.411657527,5756713,5617864,8584,69280,2021-02-03 00:00:00.000,1441,79305,138849,5538559,381,2021-02-03 00:00:00.000,00:00,
287,1.418677606,5711412,5557147,8647,68756,2021-02-02 00:00:00.000,1435,78838,154265,5478309,380,2021-02-02 00:00:00.000,00:00,
288,1.424102272,5661841,5512385,8790,68287,2021-02-01 00:00:00.000,1425,78502,149456,5433883,379,2021-02-01 00:00:00.000,00:00,
289,1.424024729,5640817,5491267,8940,67837,2021-01-31 00:00:00.000,1420,78197,149550,5413070,378,2021-01-31 00:00:00.000,00:00,
290,1.422899166,5616527,5470732,9332,67097,2021-01-30 00:00:00.000,1414,77843,145795,5392889,377,2021-01-30 00:00:00.000,00:00,
291,1.426092065,5569261,5426508,9508,66480,2021-01-29 00:00:00.000,1399,77387,142753,5349121,376,2021-01-29 00:00:00.000,00:00,
292,1.428968994,5522186,5382762,9536,65996,2021-01-28 00:00:00.000,1386,76918,139424,5305844,375,2021-01-28 00:00:00.000,00:00,
293,1.433570126,5469244,5330817,9587,65456,2021-01-27 00:00:00.000,1378,76421,138427,5254396,374,2021-01-27 00:00:00.000,00:00,
294,1.435655706,5422760,5284136,9723,64768,2021-01-26 00:00:00.000,1371,75862,138624,5208274,373,2021-01-26 00:00:00.000,00:00,
295,1.440666034,5376083,5241534,11223,62930,2021-01-25 00:00:00.000,1360,75513,134549,5166021,372,2021-01-25 00:00:00.000,00:00,
296,1.438628623,5354346,5218581,11224,62503,2021-01-24 00:00:00.000,1349,75076,135765,5143505,371,2021-01-24 00:00:00.000,00:00,
297,1.438145992,5329704,5193075,11331,62016,2021-01-23 00:00:00.000,1337,74684,136629,5118391,370,2021-01-23 00:00:00.000,00:00,
298,1.442061196,5282220,5149088,11541,61384,2021-01-22 00:00:00.000,1328,74253,133132,5074835,369,2021-01-22 00:00:00.000,00:00,
299,1.45014296,5237602,5096532,11775,60816,2021-01-21 00:00:00.000,1316,73907,141070,5022625,368,2021-01-21 00:00:00.000,00:00,
300,1.457320534,5192124,5043983,12063,60144,2021-01-20 00:00:00.000,1300,73507,148141,4970476,367,2021-01-20 00:00:00.000,00:00,
301,1.466172614,5140320,4985975,12386,59434,2021-01-19 00:00:00.000,1283,73103,154345,4912872,366,2021-01-19 00:00:00.000,00:00,
302,1.475235531,5087214,4929179,12776,58677,2021-01-18 00:00:00.000,1264,72717,158035,4856462,365,2021-01-18 00:00:00.000,00:00,
303,1.475509797,5061284,4901899,12874,58205,2021-01-17 00:00:00.000,1249,72328,159385,4829571,364,2021-01-17 00:00:00.000,00:00,
304,1.472493784,5032264,4876625,13060,57512,2021-01-16 00:00:00.000,1236,71808,155639,4804817,363,2021-01-16 00:00:00.000,00:00,
305,1.479065025,4978068,4815745,13518,56493,2021-01-15 00:00:00.000,1217,71228,162323,4744517,362,2021-01-15 00:00:00.000,00:00,
306,1.487001355,4925353,4755611,13849,55672,2021-01-14 00:00:00.000,1195,70716,169742,4684895,361,2021-01-14 00:00:00.000,00:00,
307,1.496825175,4872306,4689392,14400,54607,2021-01-13 00:00:00.000,1185,70192,182914,4619200,360,2021-01-13 00:00:00.000,00:00,
308,1.504783882,4814079,4627309,14929,53537,2021-01-12 00:00:00.000,1165,69631,186770,4557678,359,2021-01-12 00:00:00.000,00:00,
309,1.514582908,4751679,4561916,15431,52523,2021-01-11 00:00:00.000,1140,69094,189763,4492822,358,2021-01-11 00:00:00.000,00:00,
310,1.5146283,4723457,4532003,17131,50387,2021-01-10 00:00:00.000,1125,68643,191454,4463360,357,2021-01-10 00:00:00.000,00:00,
311,1.509563165,4689610,4503687,17603,49283,2021-01-09 00:00:00.000,1100,67986,185923,4435701,356,2021-01-09 00:00:00.000,00:00,
312,1.516934389,4629998,4439546,17935,48329,2021-01-08 00:00:00.000,1081,67345,190452,4372201,355,2021-01-08 00:00:00.000,00:00,
313,1.522850408,4569802,4378040,18003,47622,2021-01-07 00:00:00.000,1046,66671,191762,4311369,354,2021-01-07 00:00:00.000,00:00,
314,1.525745123,4504860,4312778,17810,46965,2021-01-06 00:00:00.000,1027,65802,192082,4246976,353,2021-01-06 00:00:00.000,00:00,
315,1.530147779,4439354,4245603,17820,46137,2021-01-05 00:00:00.000,1007,64964,193751,4180639,352,2021-01-05 00:00:00.000,00:00,
316,1.534925834,4376602,4185870,18061,45208,2021-01-04 00:00:00.000,981,64250,190732,4121620,351,2021-01-04 00:00:00.000,00:00,
317,1.522015425,4340832,4154360,17791,44477,2021-01-03 00:00:00.000,962,63230,186472,4091130,350,2021-01-03 00:00:00.000,00:00,
318,1.517507982,4302792,4123405,18085,43546,2021-01-02 00:00:00.000,942,62573,179387,4060832,349,2021-01-02 00:00:00.000,00:00,
319,1.508973374,4269312,4092385,17907,42929,2021-01-01 00:00:00.000,917,61753,176927,4030632,348,2021-01-01 00:00:00.000,00:00,
320,1.501804361,4213874,4043536,17594,42232,2020-12-31 00:00:00.000,900,60726,170338,3982810,347,2020-12-31 00:00:00.000,00:00,
321,1.498566232,4159516,3987745,17469,41411,2020-12-30 00:00:00.000,879,59759,171771,3927986,346,2020-12-30 00:00:00.000,00:00,
322,1.494928589,4098173,3927211,17165,40685,2020-12-29 00:00:00.000,859,58709,170962,3868502,345,2020-12-29 00:00:00.000,00:00,
323,1.490659499,4038300,3868422,17597,39249,2020-12-28 00:00:00.000,819,57665,169878,3810757,344,2020-12-28 00:00:00.000,00:00,
324,1.48092295,4006406,3839430,17031,39020,2020-12-27 00:00:00.000,808,56859,166976,3782571,343,2020-12-27 00:00:00.000,00:00,
325,1.465980589,3969409,3812397,16582,38514,2020-12-26 00:00:00.000,793,55889,157012,3756508,342,2020-12-26 00:00:00.000,00:00,
326,1.447642776,3939352,3782563,15957,38028,2020-12-25 00:00:00.000,773,54758,156789,3727805,341,2020-12-25 00:00:00.000,00:00,
327,1.434156057,3882205,3731672,15362,37400,2020-12-24 00:00:00.000,756,53518,150533,3678154,340,2020-12-24 00:00:00.000,00:00,
328,1.430070212,3826565,3673456,15084,36710,2020-12-23 00:00:00.000,739,52533,153109,3620923,339,2020-12-23 00:00:00.000,00:00,
329,1.420568769,3772425,3621296,14809,35912,2020-12-22 00:00:00.000,722,51443,151129,3569853,338,2020-12-22 00:00:00.000,00:00,
330,1.417748074,3713856,3567418,14740,35139,2020-12-21 00:00:00.000,698,50577,146438,3516841,337,2020-12-21 00:00:00.000,00:00,
331,1.401195841,3683091,3543616,14270,34709,2020-12-20 00:00:00.000,674,49653,139475,3493963,336,2020-12-20 00:00:00.000,00:00,
332,1.379455525,3646245,3520012,13576,34322,2020-12-19 00:00:00.000,659,48557,126233,3471455,335,2020-12-19 00:00:00.000,00:00,
333,1.365610315,3589795,3479177,12901,33966,2020-12-18 00:00:00.000,645,47512,110618,3431665,334,2020-12-18 00:00:00.000,00:00,
334,1.350397432,3538838,3439580,12219,33595,2020-12-17 00:00:00.000,634,46448,99258,3393132,333,2020-12-17 00:00:00.000,00:00,
335,1.338663158,3488767,3393983,11888,32934,2020-12-16 00:00:00.000,612,45434,94784,3348549,332,2020-12-16 00:00:00.000,00:00,
336,1.324951572,3441218,3347745,11208,32548,2020-12-15 00:00:00.000,600,44356,93473,3303389,331,2020-12-15 00:00:00.000,00:00,
337,1.314351878,3397037,3307790,10797,32092,2020-12-14 00:00:00.000,587,43476,89247,3264314,330,2020-12-14 00:00:00.000,00:00,
338,1.301825015,3374593,3284466,10375,31803,2020-12-13 00:00:00.000,580,42758,90127,3241708,329,2020-12-13 00:00:00.000,00:00,
339,1.278776141,3349862,3263120,9668,31482,2020-12-12 00:00:00.000,578,41728,86742,3221392,328,2020-12-12 00:00:00.000,00:00,
340,1.261101282,3311211,3233523,9059,31147,2020-12-11 00:00:00.000,572,40778,77688,3192745,327,2020-12-11 00:00:00.000,00:00,
341,1.250755807,3277946,3205182,8899,30626,2020-12-10 00:00:00.000,564,40089,72764,3165093,326,2020-12-10 00:00:00.000,00:00,
342,1.238519208,3253219,3181945,8686,30167,2020-12-09 00:00:00.000,556,39409,71274,3142536,325,2020-12-09 00:00:00.000,00:00,
343,1.231280807,3221316,3146236,8547,29640,2020-12-08 00:00:00.000,552,38739,75080,3107497,324,2020-12-08 00:00:00.000,00:00,
344,1.214506979,3209367,3141357,8310,29293,2020-12-07 00:00:00.000,549,38152,68010,3103205,323,2020-12-07 00:00:00.000,00:00,
345,1.200361224,3194858,3127142,7872,29120,2020-12-06 00:00:00.000,545,37537,67716,3089605,322,2020-12-06 00:00:00.000,00:00,
346,1.185080052,3180487,3114220,7459,28907,2020-12-05 00:00:00.000,540,36906,66267,3077314,321,2020-12-05 00:00:00.000,00:00,
347,1.174407365,3157407,3093390,7194,28599,2020-12-04 00:00:00.000,536,36329,64017,3057061,320,2020-12-04 00:00:00.000,00:00,
348,1.164379719,3131884,3066096,6831,28341,2020-12-03 00:00:00.000,529,35701,65788,3030395,319,2020-12-03 00:00:00.000,00:00,
349,1.155922091,3106968,3041814,6582,28053,2020-12-02 00:00:00.000,526,35161,65154,3006653,318,2020-12-02 00:00:00.000,00:00,
350,1.147691881,3083995,3019103,6249,27875,2020-12-01 00:00:00.000,526,34650,64892,2984453,317,2020-12-01 00:00:00.000,00:00,
351,1.140801353,3061170,2997805,6061,27612,2020-11-30 00:00:00.000,526,34199,63365,2963606,316,2020-11-30 00:00:00.000,00:00,
352,1.131370852,3046908,2984079,5732,27506,2020-11-29 00:00:00.000,523,33761,62829,2950318,315,2020-11-29 00:00:00.000,00:00,
353,1.120395702,3031940,2973146,5461,27328,2020-11-28 00:00:00.000,522,33311,58794,2939835,314,2020-11-28 00:00:00.000,00:00,
354,1.111057679,3009499,2952862,5195,27097,2020-11-27 00:00:00.000,516,32808,56637,2920054,313,2020-11-27 00:00:00.000,00:00,
355,1.099801168,2987982,2932621,4794,26944,2020-11-26 00:00:00.000,515,32253,55361,2900368,312,2020-11-26 00:00:00.000,00:00,
356,1.088196409,2966342,2910504,4340,26819,2020-11-25 00:00:00.000,513,31672,55838,2878832,311,2020-11-25 00:00:00.000,00:00,
357,1.083236082,2946336,2888567,4064,26716,2020-11-24 00:00:00.000,510,31290,57769,2857277,310,2020-11-24 00:00:00.000,00:00,
358,1.079732567,2922072,2865617,3900,26532,2020-11-23 00:00:00.000,509,30941,56455,2834676,309,2020-11-23 00:00:00.000,00:00,
359,1.074331704,2908827,2854798,3704,26461,2020-11-22 00:00:00.000,505,30670,54029,2824128,308,2020-11-22 00:00:00.000,00:00,
360,1.066305655,2896683,2845338,3476,26361,2020-11-21 00:00:00.000,503,30340,51345,2814998,307,2020-11-21 00:00:00.000,00:00,
361,1.060229637,2873380,2825237,3193,26260,2020-11-20 00:00:00.000,501,29954,48143,2795283,306,2020-11-20 00:00:00.000,00:00,
362,1.05424336,2853795,2808270,3014,26094,2020-11-19 00:00:00.000,498,29606,45525,2778664,305,2020-11-19 00:00:00.000,00:00,
363,1.048880158,2834332,2791644,2816,25969,2020-11-18 00:00:00.000,496,29281,42688,2762363,304,2020-11-18 00:00:00.000,00:00,
364,1.045069995,2815753,2774551,2646,25856,2020-11-17 00:00:00.000,494,28996,41202,2745555,303,2020-11-17 00:00:00.000,00:00,
365,1.042482446,2797689,2759375,2517,25755,2020-11-16 00:00:00.000,494,28766,38314,2730609,302,2020-11-16 00:00:00.000,00:00,
366,1.037775705,2786876,2750498,2363,25688,2020-11-15 00:00:00.000,493,28544,36378,2721954,301,2020-11-15 00:00:00.000,00:00,
367,1.033182078,2777287,2742595,2211,25633,2020-11-14 00:00:00.000,492,28336,34692,2714259,300,2020-11-14 00:00:00.000,00:00,
368,1.029952879,2761409,2731290,2111,25532,2020-11-13 00:00:00.000,488,28131,30119,2703159,299,2020-11-13 00:00:00.000,00:00,
369,1.027022378,2749770,2720486,2053,25400,2020-11-12 00:00:00.000,487,27940,29284,2692546,298,2020-11-12 00:00:00.000,00:00,
370,1.026536241,2736532,2707844,2049,25261,2020-11-11 00:00:00.000,487,27797,28688,2680047,297,2020-11-11 00:00:00.000,00:00,
371,1.025628091,2723959,2696104,2012,25155,2020-11-10 00:00:00.000,485,27652,27855,2668452,296,2020-11-10 00:00:00.000,00:00,
372,1.02675863,2709198,2683396,2047,25025,2020-11-09 00:00:00.000,480,27552,25802,2655844,295,2020-11-09 00:00:00.000,00:00,
373,1.024416645,2702879,2677231,1983,24965,2020-11-08 00:00:00.000,478,27426,25648,2649805,294,2020-11-08 00:00:00.000,00:00,
374,1.021440784,2697248,2671031,1898,24908,2020-11-07 00:00:00.000,477,27283,26217,2643748,293,2020-11-07 00:00:00.000,00:00,
375,1.02206801,2686313,2660684,1900,24818,2020-11-06 00:00:00.000,476,27194,25629,2633490,292,2020-11-06 00:00:00.000,00:00,
376,1.021239933,2673705,2648643,1842,24732,2020-11-05 00:00:00.000,475,27049,25062,2621594,291,2020-11-05 00:00:00.000,00:00,
377,1.020620136,2662259,2638004,1837,24613,2020-11-04 00:00:00.000,474,26924,24255,2611080,290,2020-11-04 00:00:00.000,00:00,
378,1.021591101,2649859,2624044,1830,24505,2020-11-03 00:00:00.000,472,26807,25815,2597237,289,2020-11-03 00:00:00.000,00:00,
379,1.023772886,2636650,2611126,1873,24391,2020-11-02 00:00:00.000,468,26732,25524,2584394,288,2020-11-02 00:00:00.000,00:00,
380,1.02214605,2630630,2605792,1816,24353,2020-11-01 00:00:00.000,466,26635,24838,2579157,287,2020-11-01 00:00:00.000,00:00,
381,1.020119177,2624492,2598814,1740,24307,2020-10-31 00:00:00.000,464,26511,25678,2572303,286,2020-10-31 00:00:00.000,00:00,
382,1.020318981,2612231,2585858,1698,24223,2020-10-30 00:00:00.000,463,26384,26373,2559474,285,2020-10-30 00:00:00.000,00:00,
383,1.021490534,2597978,2571830,1646,24163,2020-10-29 00:00:00.000,462,26271,26148,2545559,284,2020-10-29 00:00:00.000,00:00,
384,1.021305784,2582960,2560056,1617,24068,2020-10-28 00:00:00.000,461,26146,22904,2533910,283,2020-10-28 00:00:00.000,00:00,
385,1.023467883,2567587,2544584,1608,23975,2020-10-27 00:00:00.000,460,26043,23003,2518541,282,2020-10-27 00:00:00.000,00:00,
386,1.025281049,2552264,2531501,1603,23895,2020-10-26 00:00:00.000,457,25955,20763,2505546,281,2020-10-26 00:00:00.000,00:00,
387,1.023425171,2546146,2524464,1516,23863,2020-10-25 00:00:00.000,457,25836,21682,2498628,280,2020-10-25 00:00:00.000,00:00,
388,1.023308405,2540679,2518791,1490,23828,2020-10-24 00:00:00.000,457,25775,21888,2493016,279,2020-10-24 00:00:00.000,00:00,
389,1.024563121,2528621,2508191,1532,23711,2020-10-23 00:00:00.000,455,25698,20430,2482493,278,2020-10-23 00:00:00.000,00:00,
390,1.02355749,2515325,2495512,1449,23641,2020-10-22 00:00:00.000,453,25543,19813,2469969,277,2020-10-22 00:00:00.000,00:00,
391,1.0234316,2503489,2483996,1396,23576,2020-10-21 00:00:00.000,450,25422,19493,2458574,276,2020-10-21 00:00:00.000,00:00,
392,1.024825926,2491311,2471932,1428,23458,2020-10-20 00:00:00.000,447,25333,19379,2446599,275,2020-10-20 00:00:00.000,00:00,
393,1.026411361,2479226,2462463,1471,23360,2020-10-19 00:00:00.000,444,25275,16763,2437188,274,2020-10-19 00:00:00.000,00:00,
394,1.025705526,2474529,2456748,1450,23305,2020-10-18 00:00:00.000,444,25199,17781,2431549,273,2020-10-18 00:00:00.000,00:00,
395,1.02431086,2468527,2451209,1413,23252,2020-10-17 00:00:00.000,443,25108,17318,2426101,272,2020-10-17 00:00:00.000,00:00,
396,1.025154469,2459426,2442071,1421,23173,2020-10-16 00:00:00.000,441,25035,17355,2417036,271,2020-10-16 00:00:00.000,00:00,
397,1.027265623,2450739,2432477,1474,23075,2020-10-15 00:00:00.000,439,24988,18262,2407489,270,2020-10-15 00:00:00.000,00:00,
398,1.02672379,2441443,2423047,1417,23023,2020-10-14 00:00:00.000,438,24878,18396,2398169,269,2020-10-14 00:00:00.000,00:00,
399,1.029379284,2428760,2408636,1504,22856,2020-10-13 00:00:00.000,434,24794,20124,2383842,268,2020-10-13 00:00:00.000,00:00,
400,1.030830181,2415610,2396418,1548,22722,2020-10-12 00:00:00.000,433,24703,19192,2371715,267,2020-10-12 00:00:00.000,00:00,
401,1.028989871,2410483,2391180,1487,22686,2020-10-11 00:00:00.000,432,24605,19303,2366575,266,2020-10-11 00:00:00.000,00:00,
402,1.028921466,2404684,2385702,1500,22617,2020-10-10 00:00:00.000,430,24547,18982,2361155,265,2020-10-10 00:00:00.000,00:00,
403,1.028562735,2400233,2379534,1485,22562,2020-10-09 00:00:00.000,428,24475,20699,2355059,264,2020-10-09 00:00:00.000,00:00,
404,1.031350592,2388844,2367866,1537,22457,2020-10-08 00:00:00.000,427,24421,20978,2343445,263,2020-10-08 00:00:00.000,00:00,
405,1.033644816,2378073,2355935,1601,22326,2020-10-07 00:00:00.000,425,24352,22138,2331583,262,2020-10-07 00:00:00.000,00:00,
406,1.034619942,2365433,2342696,1743,22073,2020-10-06 00:00:00.000,422,24238,22737,2318458,261,2020-10-06 00:00:00.000,00:00,
407,1.037069338,2352378,2329931,1863,21878,2020-10-05 00:00:00.000,422,24163,22447,2305768,260,2020-10-05 00:00:00.000,00:00,
408,1.03647274,2346345,2324229,1832,21837,2020-10-04 00:00:00.000,421,24090,22116,2300139,259,2020-10-04 00:00:00.000,00:00,
409,1.036241273,2339859,2318572,1827,21779,2020-10-03 00:00:00.000,420,24026,21287,2294546,258,2020-10-03 00:00:00.000,00:00,
410,1.035145057,2333777,2313782,1810,21725,2020-10-02 00:00:00.000,416,23951,19995,2289831,257,2020-10-02 00:00:00.000,00:00,
411,1.034826629,2328435,2308406,1815,21658,2020-10-01 00:00:00.000,415,23888,20029,2284518,256,2020-10-01 00:00:00.000,00:00,
412,1.034180376,2322999,2302403,1812,21586,2020-09-30 00:00:00.000,413,23811,20596,2278592,255,2020-09-30 00:00:00.000,00:00,
413,1.033498649,2313044,2292988,1829,21462,2020-09-29 00:00:00.000,407,23698,20056,2269290,254,2020-09-29 00:00:00.000,00:00,
414,1.036484609,2301303,2282716,1970,21284,2020-09-28 00:00:00.000,406,23660,18587,2259056,253,2020-09-28 00:00:00.000,00:00,
415,1.036599742,2296517,2277639,1969,21240,2020-09-27 00:00:00.000,401,23610,18878,2254029,252,2020-09-27 00:00:00.000,00:00,
416,1.035065456,2290345,2271837,1958,21158,2020-09-26 00:00:00.000,399,23515,18508,2248322,251,2020-09-26 00:00:00.000,00:00,
417,1.037465813,2280276,2260701,2088,20971,2020-09-25 00:00:00.000,395,23454,19575,2237247,250,2020-09-25 00:00:00.000,00:00,
418,1.038156014,2268999,2248217,2123,20824,2020-09-24 00:00:00.000,393,23340,20782,2224877,249,2020-09-24 00:00:00.000,00:00,
419,1.038065223,2256899,2236372,2184,20643,2020-09-23 00:00:00.000,388,23215,20527,2213157,248,2020-09-23 00:00:00.000,00:00,
420,1.039880462,2245112,2221890,2283,20434,2020-09-22 00:00:00.000,388,23105,23222,2198785,247,2020-09-22 00:00:00.000,00:00,
421,1.043161934,2231589,2209053,2420,20239,2020-09-21 00:00:00.000,385,23044,22536,2186009,246,2020-09-21 00:00:00.000,00:00,
422,1.043121974,2226701,2202427,2441,20150,2020-09-20 00:00:00.000,383,22974,24274,2179453,245,2020-09-20 00:00:00.000,00:00,
423,1.043173778,2219162,2194457,2552,19962,2020-09-19 00:00:00.000,378,22892,24705,2171565,244,2020-09-19 00:00:00.000,00:00,
424,1.044584913,2206365,2180962,2644,19761,2020-09-18 00:00:00.000,377,22782,25403,2158180,243,2020-09-18 00:00:00.000,00:00,
425,1.045797975,2191892,2166384,2751,19533,2020-09-17 00:00:00.000,372,22656,25508,2143728,242,2020-09-17 00:00:00.000,00:00,
426,1.045197609,2178832,2152990,2838,19298,2020-09-16 00:00:00.000,367,22503,25842,2130487,241,2020-09-16 00:00:00.000,00:00,
427,1.047599084,2164578,2137268,3153,18870,2020-09-15 00:00:00.000,367,22390,27310,2114878,240,2020-09-15 00:00:00.000,00:00,
428,1.049386728,2151002,2123526,3439,18482,2020-09-14 00:00:00.000,363,22284,27476,2101242,239,2020-09-14 00:00:00.000,00:00,
429,1.048183346,2143270,2115565,3596,18221,2020-09-13 00:00:00.000,358,22175,27705,2093390,238,2020-09-13 00:00:00.000,00:00,
430,1.046388101,2135457,2107631,3677,18022,2020-09-12 00:00:00.000,355,22054,27826,2085577,237,2020-09-12 00:00:00.000,00:00,
431,1.048814521,2119211,2089788,3959,17609,2020-09-11 00:00:00.000,350,21918,29423,2067870,236,2020-09-11 00:00:00.000,00:00,
432,1.052079941,2099591,2066573,4043,17353,2020-09-10 00:00:00.000,346,21742,33018,2044831,235,2020-09-10 00:00:00.000,00:00,
433,1.0552373,2082234,2045701,4227,17016,2020-09-09 00:00:00.000,344,21587,36533,2024114,234,2020-09-09 00:00:00.000,00:00,
434,1.059520208,2066078,2022708,4459,16631,2020-09-08 00:00:00.000,341,21431,43370,2001277,233,2020-09-08 00:00:00.000,00:00,
435,1.062525072,2051297,2004188,4671,16288,2020-09-07 00:00:00.000,336,21295,47109,1982893,232,2020-09-07 00:00:00.000,00:00,
436,1.060754971,2045935,1996314,4724,16118,2020-09-06 00:00:00.000,334,21176,49621,1975138,231,2020-09-06 00:00:00.000,00:00,
437,1.058404972,2037045,1984968,4693,15983,2020-09-05 00:00:00.000,333,21009,52077,1963959,230,2020-09-05 00:00:00.000,00:00,
438,1.059726234,2018906,1966640,4746,15764,2020-09-04 00:00:00.000,331,20841,52266,1945799,229,2020-09-04 00:00:00.000,00:00,
439,1.061321482,2000552,1945028,4792,15522,2020-09-03 00:00:00.000,329,20643,55524,1924385,228,2020-09-03 00:00:00.000,00:00,
440,1.063036151,1980295,1923547,4771,15351,2020-09-02 00:00:00.000,326,20448,56748,1903099,227,2020-09-02 00:00:00.000,00:00,
441,1.060853045,1959080,1902337,4665,15192,2020-09-01 00:00:00.000,324,20181,56743,1882156,226,2020-09-01 00:00:00.000,00:00,
442,1.061062989,1937689,1879813,4656,14966,2020-08-31 00:00:00.000,324,19946,57876,1859867,225,2020-08-31 00:00:00.000,00:00,
443,1.055542725,1924170,1866149,4477,14898,2020-08-30 00:00:00.000,323,19698,58021,1846451,224,2020-08-30 00:00:00.000,00:00,
444,1.045608675,1909329,1855283,4318,14760,2020-08-29 00:00:00.000,321,19399,54046,1835884,223,2020-08-29 00:00:00.000,00:00,
445,1.038428835,1887717,1837006,4213,14547,2020-08-28 00:00:00.000,316,19076,50711,1817930,222,2020-08-28 00:00:00.000,00:00,
446,1.029139418,1869579,1817538,3935,14457,2020-08-27 00:00:00.000,313,18705,52041,1798833,221,2020-08-27 00:00:00.000,00:00,
447,1.016524082,1849506,1796711,3588,14364,2020-08-26 00:00:00.000,312,18264,52795,1778447,220,2020-08-26 00:00:00.000,00:00,
448,1.010659119,1825837,1775475,3351,14283,2020-08-25 00:00:00.000,310,17944,50362,1757531,219,2020-08-25 00:00:00.000,00:00,
449,1.005678004,1804422,1756427,3139,14216,2020-08-24 00:00:00.000,309,17664,47995,1738763,218,2020-08-24 00:00:00.000,00:00,
450,0.997808011,1791186,1743622,2892,14197,2020-08-23 00:00:00.000,309,17398,47564,1726224,217,2020-08-23 00:00:00.000,00:00,
451,0.980862169,1775800,1733373,2527,14166,2020-08-22 00:00:00.000,309,17002,42427,1716371,216,2020-08-22 00:00:00.000,00:00,
452,0.971401067,1754123,1716078,2243,14118,2020-08-21 00:00:00.000,309,16670,38045,1699408,215,2020-08-21 00:00:00.000,00:00,
453,0.96204722,1734083,1699085,1978,14061,2020-08-20 00:00:00.000,307,16346,34998,1682739,214,2020-08-20 00:00:00.000,00:00,
454,0.953539164,1715064,1684042,1748,14004,2020-08-19 00:00:00.000,306,16058,31022,1667984,213,2020-08-19 00:00:00.000,00:00,
455,0.942743341,1697042,1671823,1523,13932,2020-08-18 00:00:00.000,306,15761,25219,1656062,212,2020-08-18 00:00:00.000,00:00,
456,0.931548731,1688470,1665506,1295,13915,2020-08-17 00:00:00.000,305,15515,22964,1649991,211,2020-08-17 00:00:00.000,00:00,
457,0.922892283,1681787,1659782,1105,13908,2020-08-16 00:00:00.000,305,15318,22005,1644464,210,2020-08-16 00:00:00.000,00:00,
458,0.909427349,1675296,1653678,835,13899,2020-08-15 00:00:00.000,305,15039,21618,1638639,209,2020-08-15 00:00:00.000,00:00,
459,0.904160121,1665084,1644952,707,13861,2020-08-14 00:00:00.000,305,14873,20132,1630079,208,2020-08-14 00:00:00.000,00:00,
460,0.902205119,1654898,1637100,651,13814,2020-08-13 00:00:00.000,305,14770,17798,1622330,207,2020-08-13 00:00:00.000,00:00,
461,0.903099964,1646652,1629277,626,13783,2020-08-12 00:00:00.000,305,14714,17375,1614563,206,2020-08-12 00:00:00.000,00:00,
462,0.904740011,1637844,1620355,630,13725,2020-08-11 00:00:00.000,305,14660,17489,1605695,205,2020-08-11 00:00:00.000,00:00,
463,0.907372448,1628303,1611907,667,13654,2020-08-10 00:00:00.000,305,14626,16396,1597281,204,2020-08-10 00:00:00.000,00:00,
464,0.907922209,1624650,1607847,655,13638,2020-08-09 00:00:00.000,305,14598,16803,1593249,203,2020-08-09 00:00:00.000,00:00,
465,0.907623929,1620514,1604409,633,13625,2020-08-08 00:00:00.000,304,14562,16105,1589847,202,2020-08-08 00:00:00.000,00:00,
466,0.909379024,1613652,1596584,676,13540,2020-08-07 00:00:00.000,303,14519,17068,1582065,201,2020-08-07 00:00:00.000,00:00,
467,0.912773158,1606487,1588456,701,13496,2020-08-06 00:00:00.000,302,14499,18031,1573957,200,2020-08-06 00:00:00.000,00:00,
468,0.915112202,1598187,1579697,752,13402,2020-08-05 00:00:00.000,302,14456,18490,1565241,199,2020-08-05 00:00:00.000,00:00,
469,0.918044933,1589780,1571056,776,13346,2020-08-04 00:00:00.000,301,14423,18724,1556633,198,2020-08-04 00:00:00.000,00:00,
470,0.920980878,1579757,1562356,813,13275,2020-08-03 00:00:00.000,301,14389,17401,1547967,197,2020-08-03 00:00:00.000,00:00,
471,0.921796779,1576246,1558478,811,13254,2020-08-02 00:00:00.000,301,14366,17768,1544112,196,2020-08-02 00:00:00.000,00:00,
472,0.922788552,1571830,1553552,807,13228,2020-08-01 00:00:00.000,301,14336,18278,1539216,195,2020-08-01 00:00:00.000,00:00,
473,0.925610787,1563796,1545466,825,13179,2020-07-31 00:00:00.000,301,14305,18330,1531161,194,2020-07-31 00:00:00.000,00:00,
474,0.928247973,1556215,1537197,841,13128,2020-07-30 00:00:00.000,300,14269,19018,1522928,193,2020-07-30 00:00:00.000,00:00,
475,0.932668665,1547307,1527981,885,13066,2020-07-29 00:00:00.000,300,14251,19326,1513730,192,2020-07-29 00:00:00.000,00:00,
476,0.93609533,1537704,1517260,901,13002,2020-07-28 00:00:00.000,300,14203,20444,1503057,191,2020-07-28 00:00:00.000,00:00,
477,0.939859595,1526974,1508204,977,12899,2020-07-27 00:00:00.000,299,14175,18770,1494029,190,2020-07-27 00:00:00.000,00:00,
478,0.94100466,1522926,1503712,968,12884,2020-07-26 00:00:00.000,298,14150,19214,1489562,189,2020-07-26 00:00:00.000,00:00,
479,0.940122872,1518634,1498953,934,12860,2020-07-25 00:00:00.000,298,14092,19681,1484861,188,2020-07-25 00:00:00.000,00:00,
480,0.938334022,1510327,1489768,870,12811,2020-07-24 00:00:00.000,298,13979,20559,1475789,187,2020-07-24 00:00:00.000,00:00,
481,0.942115779,1500854,1479436,889,12752,2020-07-23 00:00:00.000,297,13938,21418,1465498,186,2020-07-23 00:00:00.000,00:00,
482,0.943944175,1492071,1470320,890,12692,2020-07-22 00:00:00.000,297,13879,21751,1456441,185,2020-07-22 00:00:00.000,00:00,
483,0.947257711,1482390,1458526,882,12638,2020-07-21 00:00:00.000,296,13816,23864,1444710,184,2020-07-21 00:00:00.000,00:00,
484,0.950451069,1470193,1448891,908,12567,2020-07-20 00:00:00.000,296,13771,21302,1435120,183,2020-07-20 00:00:00.000,00:00,
485,0.952301111,1465299,1443346,901,12549,2020-07-19 00:00:00.000,295,13745,21953,1429601,182,2020-07-19 00:00:00.000,00:00,
486,0.953954028,1460204,1437281,904,12513,2020-07-18 00:00:00.000,294,13711,22923,1423570,181,2020-07-18 00:00:00.000,00:00,
487,0.957485326,1451017,1427907,924,12455,2020-07-17 00:00:00.000,293,13672,23110,1414235,180,2020-07-17 00:00:00.000,00:00,
488,0.959981494,1441348,1417944,928,12393,2020-07-16 00:00:00.000,291,13612,23404,1404332,179,2020-07-16 00:00:00.000,00:00,
489,0.96241599,1431316,1408019,918,12344,2020-07-15 00:00:00.000,289,13551,23297,1394468,178,2020-07-15 00:00:00.000,00:00,
490,0.967681639,1420616,1396327,948,12275,2020-07-14 00:00:00.000,289,13512,24289,1382815,177,2020-07-14 00:00:00.000,00:00,
491,0.972183254,1408312,1386467,992,12198,2020-07-13 00:00:00.000,289,13479,21845,1372988,176,2020-07-13 00:00:00.000,00:00,
492,0.972025206,1402144,1380314,955,12173,2020-07-12 00:00:00.000,289,13417,21830,1366897,175,2020-07-12 00:00:00.000,00:00,
493,0.973296041,1396941,1373991,946,12139,2020-07-11 00:00:00.000,288,13373,22950,1360618,174,2020-07-11 00:00:00.000,00:00,
494,0.97975338,1384890,1361363,989,12061,2020-07-10 00:00:00.000,288,13338,23527,1348025,173,2020-07-10 00:00:00.000,00:00,
495,0.986230756,1371771,1347859,990,12016,2020-07-09 00:00:00.000,287,13293,23912,1334566,172,2020-07-09 00:00:00.000,00:00,
496,0.991448819,1359734,1335722,991,11967,2020-07-08 00:00:00.000,285,13243,24012,1322479,171,2020-07-08 00:00:00.000,00:00,
497,0.996658649,1346194,1322519,985,11911,2020-07-07 00:00:00.000,285,13181,23675,1309338,170,2020-07-07 00:00:00.000,00:00,
498,1.002438756,1331796,1310504,1008,11845,2020-07-06 00:00:00.000,284,13137,21292,1297367,169,2020-07-06 00:00:00.000,00:00,
499,1.003445246,1326055,1304406,978,11828,2020-07-05 00:00:00.000,283,13089,21649,1291317,168,2020-07-05 00:00:00.000,00:00,
500,1.00431699,1319521,1297200,937,11808,2020-07-04 00:00:00.000,283,13028,22321,1284172,167,2020-07-04 00:00:00.000,00:00,
501,1.00800887,1307759,1286199,928,11755,2020-07-03 00:00:00.000,282,12965,21560,1273234,166,2020-07-03 00:00:00.000,00:00,
502,1.011142629,1295962,1276180,941,11681,2020-07-02 00:00:00.000,282,12904,19782,1263276,165,2020-07-02 00:00:00.000,00:00,
503,1.015244468,1285231,1265705,957,11611,2020-07-01 00:00:00.000,282,12850,19526,1252855,164,2020-07-01 00:00:00.000,00:00,
504,1.021504347,1273765,1252956,984,11533,2020-06-30 00:00:00.000,282,12799,20809,1240157,163,2020-06-30 00:00:00.000,00:00,
505,1.027584568,1259954,1241455,1050,11425,2020-06-29 00:00:00.000,282,12757,18499,1228698,162,2020-06-29 00:00:00.000,00:00,
506,1.03148399,1251695,1232690,1073,11360,2020-06-28 00:00:00.000,282,12715,19005,1219975,161,2020-06-28 00:00:00.000,00:00,
507,1.033814467,1243780,1223914,1057,11314,2020-06-27 00:00:00.000,282,12653,19866,1211261,160,2020-06-27 00:00:00.000,00:00,
508,1.03849485,1232315,1213487,1149,11171,2020-06-26 00:00:00.000,282,12602,18828,1200885,159,2020-06-26 00:00:00.000,00:00,
509,1.045541779,1220478,1201578,1308,10973,2020-06-25 00:00:00.000,282,12563,18900,1189015,158,2020-06-25 00:00:00.000,00:00,
510,1.05482214,1208597,1188352,1325,10929,2020-06-24 00:00:00.000,281,12535,20245,1175817,157,2020-06-24 00:00:00.000,00:00,
511,1.063614073,1196012,1173734,1296,10907,2020-06-23 00:00:00.000,281,12484,22278,1161250,156,2020-06-23 00:00:00.000,00:00,
512,1.069785484,1182066,1162663,1278,10880,2020-06-22 00:00:00.000,280,12438,19403,1150225,155,2020-06-22 00:00:00.000,00:00,
513,1.074116736,1176463,1156392,1274,10867,2020-06-21 00:00:00.000,280,12421,20071,1143971,154,2020-06-21 00:00:00.000,00:00,
514,1.07644565,1170901,1149431,1233,10860,2020-06-20 00:00:00.000,280,12373,21470,1137058,153,2020-06-20 00:00:00.000,00:00,
515,1.082442806,1158063,1136873,1191,10835,2020-06-19 00:00:00.000,280,12306,21190,1124567,152,2020-06-19 00:00:00.000,00:00,
516,1.090482367,1145712,1123998,1177,10800,2020-06-18 00:00:00.000,280,12257,21714,1111741,151,2020-06-18 00:00:00.000,00:00,
517,1.097599821,1132823,1111334,1145,10774,2020-06-17 00:00:00.000,279,12198,21489,1099136,150,2020-06-17 00:00:00.000,00:00,
518,1.107885538,1119767,1097135,1117,10760,2020-06-16 00:00:00.000,278,12155,22632,1084980,149,2020-06-16 00:00:00.000,00:00,
519,1.117219055,1105719,1084926,1114,10730,2020-06-15 00:00:00.000,277,12121,20793,1072805,148,2020-06-15 00:00:00.000,00:00,
520,1.119955958,1100327,1078971,1089,10718,2020-06-14 00:00:00.000,277,12084,21356,1066887,147,2020-06-14 00:00:00.000,00:00,
521,1.124747049,1094704,1071352,1082,10691,2020-06-13 00:00:00.000,277,12050,23352,1059302,146,2020-06-13 00:00:00.000,00:00,
522,1.135217859,1081486,1057242,1057,10668,2020-06-12 00:00:00.000,277,12002,24244,1045240,145,2020-06-12 00:00:00.000,00:00,
523,1.147116269,1066888,1041394,1017,10653,2020-06-11 00:00:00.000,276,11946,25494,1029448,144,2020-06-11 00:00:00.000,00:00,
524,1.160225357,1051972,1025749,1014,10611,2020-06-10 00:00:00.000,276,11901,26223,1013848,143,2020-06-10 00:00:00.000,00:00,
525,1.175067276,1035997,1008538,987,10590,2020-06-09 00:00:00.000,274,11851,27459,996687,142,2020-06-09 00:00:00.000,00:00,
526,1.188621911,1018214,993840,977,10563,2020-06-08 00:00:00.000,273,11813,24374,982027,141,2020-06-08 00:00:00.000,00:00,
527,1.193971741,1012769,986288,951,10552,2020-06-07 00:00:00.000,273,11776,26481,974512,140,2020-06-07 00:00:00.000,00:00,
528,1.199057452,1005305,977351,915,10531,2020-06-06 00:00:00.000,273,11719,27954,965632,139,2020-06-06 00:00:00.000,00:00,
529,1.212645267,990960,962194,890,10505,2020-06-05 00:00:00.000,273,11668,28766,950526,138,2020-06-05 00:00:00.000,00:00,
530,1.229724457,973858,945659,858,10498,2020-06-04 00:00:00.000,273,11629,28199,934030,137,2020-06-04 00:00:00.000,00:00,
531,1.247595499,956852,928987,851,10466,2020-06-03 00:00:00.000,273,11590,27865,917397,136,2020-06-03 00:00:00.000,00:00,
532,1.266948357,939851,910929,824,10445,2020-06-02 00:00:00.000,272,11541,28922,899388,135,2020-06-02 00:00:00.000,00:00,
533,1.281909837,921391,897333,811,10421,2020-06-01 00:00:00.000,271,11503,24058,885830,134,2020-06-01 00:00:00.000,00:00,
534,1.292128248,910822,887528,794,10404,2020-05-31 00:00:00.000,270,11468,23294,876060,133,2020-05-31 00:00:00.000,00:00,
535,1.305151819,902901,876603,775,10397,2020-05-30 00:00:00.000,269,11441,26298,865162,132,2020-05-30 00:00:00.000,00:00,
536,1.324946576,885120,860563,771,10362,2020-05-29 00:00:00.000,269,11402,24557,849161,131,2020-05-29 00:00:00.000,00:00,
537,1.340429353,868666,846296,736,10339,2020-05-28 00:00:00.000,269,11344,22370,834952,130,2020-05-28 00:00:00.000,00:00,
538,1.354267475,852876,831815,702,10294,2020-05-27 00:00:00.000,269,11265,21061,820550,129,2020-05-27 00:00:00.000,00:00,
539,1.373204589,839475,817431,683,10273,2020-05-26 00:00:00.000,269,11225,22044,806206,128,2020-05-26 00:00:00.000,00:00,
540,1.388001209,826437,807348,715,10224,2020-05-25 00:00:00.000,267,11206,19089,796142,127,2020-05-25 00:00:00.000,00:00,
541,1.398826935,820289,799956,713,10211,2020-05-24 00:00:00.000,266,11190,20333,788766,126,2020-05-24 00:00:00.000,00:00,
542,1.408209109,814420,792851,707,10192,2020-05-23 00:00:00.000,266,11165,21569,781686,125,2020-05-23 00:00:00.000,00:00,
543,1.42456772,802418,782132,719,10159,2020-05-22 00:00:00.000,264,11142,20286,770990,124,2020-05-22 00:00:00.000,00:00,
544,1.443300307,788684,770595,726,10132,2020-05-21 00:00:00.000,264,11122,18089,759473,123,2020-05-21 00:00:00.000,00:00,
545,1.461684397,776433,760082,786,10061,2020-05-20 00:00:00.000,263,11110,16351,748972,122,2020-05-20 00:00:00.000,00:00,
546,1.479732158,765574,748649,885,9930,2020-05-19 00:00:00.000,263,11078,16925,737571,121,2020-05-19 00:00:00.000,00:00,
547,1.501116511,753211,737118,919,9883,2020-05-18 00:00:00.000,263,11065,16093,726053,120,2020-05-18 00:00:00.000,00:00,
548,1.513713145,747653,729993,928,9860,2020-05-17 00:00:00.000,262,11050,17660,718943,119,2020-05-17 00:00:00.000,00:00,
549,1.528031211,740645,722302,964,9811,2020-05-16 00:00:00.000,262,11037,18343,711265,118,2020-05-16 00:00:00.000,00:00,
550,1.558698039,726747,706872,984,9774,2020-05-15 00:00:00.000,260,11018,19875,695854,117,2020-05-15 00:00:00.000,00:00,
551,1.62078005,695920,676341,1074,9629,2020-05-13 00:00:00.000,259,10962,19579,665379,115,2020-05-13 00:00:00.000,00:00,
552,1.645600096,680890,664560,1111,9567,2020-05-12 00:00:00.000,258,10936,16330,653624,114,2020-05-12 00:00:00.000,00:00,
553,1.658986876,668492,657570,1126,9527,2020-05-11 00:00:00.000,256,10909,10922,646661,113,2020-05-11 00:00:00.000,00:00,
554,1.663306606,663886,653758,1125,9493,2020-05-10 00:00:00.000,256,10874,10128,642884,112,2020-05-10 00:00:00.000,00:00,
555,1.665445238,660030,650877,1140,9444,2020-05-09 00:00:00.000,256,10840,9153,640037,111,2020-05-09 00:00:00.000,00:00,
556,1.675242571,654863,645996,1210,9356,2020-05-08 00:00:00.000,256,10822,8867,635174,110,2020-05-08 00:00:00.000,00:00,
557,1.686535332,649388,640959,1268,9286,2020-05-07 00:00:00.000,256,10810,8429,630149,109,2020-05-07 00:00:00.000,00:00,
558,1.701501844,643095,635086,1356,9195,2020-05-06 00:00:00.000,255,10806,8009,624280,108,2020-05-06 00:00:00.000,00:00,
559,1.711175063,640237,631379,1406,9144,2020-05-05 00:00:00.000,254,10804,8858,620575,107,2020-05-05 00:00:00.000,00:00,
560,1.726102486,633921,625745,1476,9073,2020-05-04 00:00:00.000,252,10801,8176,614944,106,2020-05-04 00:00:00.000,00:00,
561,1.734135623,630973,622385,1511,9032,2020-05-03 00:00:00.000,250,10793,8588,611592,105,2020-05-03 00:00:00.000,00:00,
562,1.741332911,627562,619066,1562,8968,2020-05-02 00:00:00.000,250,10780,8496,608286,104,2020-05-02 00:00:00.000,00:00,
563,1.753626397,623069,614384,1616,8910,2020-05-01 00:00:00.000,248,10774,8685,603610,103,2020-05-01 00:00:00.000,00:00,
564,1.761153838,619881,611247,1642,8876,2020-04-30 00:00:00.000,247,10765,8634,600482,102,2020-04-30 00:00:00.000,00:00,
565,1.776064962,614197,605890,1779,8736,2020-04-29 00:00:00.000,246,10761,8307,595129,101,2020-04-29 00:00:00.000,00:00,
566,1.794060179,608514,599311,1835,8673,2020-04-28 00:00:00.000,244,10752,9203,588559,100,2020-04-28 00:00:00.000,00:00,
567,1.811510464,601660,592765,1922,8573,2020-04-27 00:00:00.000,243,10738,8895,582027,99,2020-04-27 00:00:00.000,00:00,
568,1.820508208,598285,589286,1961,8525,2020-04-26 00:00:00.000,242,10728,8999,578558,98,2020-04-26 00:00:00.000,00:00,
569,1.829316166,595161,585902,2042,8436,2020-04-25 00:00:00.000,240,10718,9259,575184,97,2020-04-25 00:00:00.000,00:00,
570,1.846461581,589520,579920,2184,8284,2020-04-24 00:00:00.000,240,10708,9600,569212,96,2020-04-24 00:00:00.000,00:00,
571,1.865005786,583971,573832,2270,8192,2020-04-23 00:00:00.000,240,10702,10139,563130,95,2020-04-23 00:00:00.000,00:00,
572,1.88994023,577959,565838,2409,8047,2020-04-22 00:00:00.000,238,10694,12121,555144,94,2020-04-22 00:00:00.000,00:00,
573,1.913511364,571014,558293,2470,7976,2020-04-21 00:00:00.000,237,10683,12721,547610,93,2020-04-21 00:00:00.000,00:00,
574,1.937015247,563035,551054,2565,7873,2020-04-20 00:00:00.000,236,10674,11981,540380,92,2020-04-20 00:00:00.000,00:00,
575,1.949472083,559109,546866,2620,7807,2020-04-19 00:00:00.000,234,10661,12243,536205,91,2020-04-19 00:00:00.000,00:00,
576,1.968098078,554834,541284,2715,7706,2020-04-18 00:00:00.000,232,10653,13550,530631,90,2020-04-18 00:00:00.000,00:00,
577,1.998019828,546463,532277,2807,7598,2020-04-17 00:00:00.000,230,10635,14186,521642,89,2020-04-17 00:00:00.000,00:00,
578,2.023423901,538775,524507,2868,7516,2020-04-16 00:00:00.000,229,10613,14268,513894,88,2020-04-16 00:00:00.000,00:00,
579,2.038589022,534552,519526,2989,7377,2020-04-15 00:00:00.000,225,10591,15026,508935,87,2020-04-15 00:00:00.000,00:00,
580,2.060114628,527438,512787,3051,7291,2020-04-14 00:00:00.000,222,10564,14651,502223,86,2020-04-14 00:00:00.000,00:00,
581,2.08508129,518743,505352,3122,7198,2020-04-13 00:00:00.000,217,10537,13391,494815,85,2020-04-13 00:00:00.000,00:00,
582,2.098903227,514621,500833,3176,7122,2020-04-12 00:00:00.000,214,10512,13788,490321,84,2020-04-12 00:00:00.000,00:00,
583,2.111162368,510479,496409,3275,6994,2020-04-11 00:00:00.000,211,10480,14070,485929,83,2020-04-11 00:00:00.000,00:00,
584,2.142477853,503051,487753,3371,6871,2020-04-10 00:00:00.000,208,10450,15298,477303,82,2020-04-10 00:00:00.000,00:00,
585,2.175074395,494711,479202,3504,6715,2020-04-09 00:00:00.000,204,10423,15509,468779,81,2020-04-09 00:00:00.000,00:00,
586,2.218116182,486003,468145,3654,6530,2020-04-08 00:00:00.000,200,10384,17858,457761,80,2020-04-08 00:00:00.000,00:00,
587,2.262325524,477304,456654,3688,6451,2020-04-07 00:00:00.000,192,10331,20650,446323,79,2020-04-07 00:00:00.000,00:00,
588,2.298054341,466804,447509,3739,6359,2020-04-06 00:00:00.000,186,10284,19295,437225,78,2020-04-06 00:00:00.000,00:00,
589,2.317835811,461233,441662,3827,6227,2020-04-05 00:00:00.000,183,10237,19571,431425,77,2020-04-05 00:00:00.000,00:00,
590,2.33531392,455032,434888,3895,6084,2020-04-04 00:00:00.000,177,10156,20144,424732,76,2020-04-04 00:00:00.000,00:00,
591,2.371072072,443273,424365,4099,5789,2020-04-03 00:00:00.000,174,10062,18908,414303,75,2020-04-03 00:00:00.000,00:00,
592,2.410488622,431743,413858,4198,5609,2020-04-02 00:00:00.000,169,9976,17885,403882,74,2020-04-02 00:00:00.000,00:00,
593,2.441463644,421547,404962,4361,5361,2020-04-01 00:00:00.000,165,9887,16585,395075,73,2020-04-01 00:00:00.000,00:00,
594,2.485825764,410564,393672,4418,5206,2020-03-31 00:00:00.000,162,9786,16892,383886,72,2020-03-31 00:00:00.000,00:00,
595,2.506934876,398902,385371,4460,5043,2020-03-30 00:00:00.000,158,9661,13531,375710,71,2020-03-30 00:00:00.000,00:00,
596,2.527742388,394141,379113,4574,4857,2020-03-29 00:00:00.000,152,9583,15028,369530,70,2020-03-29 00:00:00.000,00:00,
597,2.552233541,387925,371361,4693,4641,2020-03-28 00:00:00.000,144,9478,16564,361883,69,2020-03-28 00:00:00.000,00:00,
598,2.579739151,376961,361742,4826,4367,2020-03-27 00:00:00.000,139,9332,15219,352410,68,2020-03-27 00:00:00.000,00:00,
599,2.635970254,364942,350573,5109,4001,2020-03-26 00:00:00.000,131,9241,14369,341332,67,2020-03-26 00:00:00.000,00:00,
600,2.659057442,357896,343618,5405,3606,2020-03-25 00:00:00.000,126,9137,14278,334481,66,2020-03-25 00:00:00.000,00:00,
601,2.712657065,348582,333142,5521,3396,2020-03-24 00:00:00.000,120,9037,15440,324105,65,2020-03-24 00:00:00.000,00:00,
602,2.762262336,338036,324408,5785,3065,2020-03-23 00:00:00.000,111,8961,13628,315447,64,2020-03-23 00:00:00.000,00:00,
603,2.804501324,331780,317240,5976,2817,2020-03-22 00:00:00.000,104,8897,14540,308343,63,2020-03-22 00:00:00.000,00:00,
604,2.82195603,327509,311805,6161,2536,2020-03-21 00:00:00.000,102,8799,15704,303006,62,2020-03-21 00:00:00.000,00:00,
605,2.873091828,316664,301139,6385,2173,2020-03-20 00:00:00.000,94,8652,15525,292487,61,2020-03-20 00:00:00.000,00:00,
606,2.942085738,307024,291120,6578,1896,2020-03-19 00:00:00.000,91,8565,15904,282555,60,2020-03-19 00:00:00.000,00:00,
607,3.012162506,295647,279301,6831,1498,2020-03-18 00:00:00.000,84,8413,16346,270888,59,2020-03-18 00:00:00.000,00:00,
608,3.088057901,286716,269425,6877,1362,2020-03-17 00:00:00.000,81,8320,17291,261105,58,2020-03-17 00:00:00.000,00:00,
609,3.173392208,274504,259533,7055,1106,2020-03-16 00:00:00.000,75,8236,14971,251297,57,2020-03-16 00:00:00.000,00:00,
610,3.239660237,268212,251940,7280,807,2020-03-15 00:00:00.000,75,8162,16272,243778,56,2020-03-15 00:00:00.000,00:00,
611,3.318000336,261335,243701,7324,690,2020-03-14 00:00:00.000,72,8086,17634,235615,55,2020-03-14 00:00:00.000,00:00,
612,3.458499309,248647,230707,7422,490,2020-03-13 00:00:00.000,67,7979,17940,222728,54,2020-03-13 00:00:00.000,00:00,
613,3.621744273,234998,217271,7485,318,2020-03-12 00:00:00.000,66,7869,17727,209402,53,2020-03-12 00:00:00.000,00:00,
614,3.804174536,222395,203855,7423,272,2020-03-11 00:00:00.000,60,7755,18540,196100,52,2020-03-11 00:00:00.000,00:00,
615,3.919308057,210144,191692,7227,232,2020-03-10 00:00:00.000,54,7513,18452,184179,51,2020-03-10 00:00:00.000,00:00,
616,4.120339361,196618,179160,7172,159,2020-03-09 00:00:00.000,51,7382,17458,171778,50,2020-03-09 00:00:00.000,00:00,
617,4.21775786,188518,169142,6958,126,2020-03-08 00:00:00.000,50,7134,19376,162008,49,2020-03-08 00:00:00.000,00:00,
618,4.267542836,178189,158569,6608,115,2020-03-07 00:00:00.000,44,6767,19620,151802,48,2020-03-07 00:00:00.000,00:00,
619,4.397234584,164740,142908,6136,106,2020-03-06 00:00:00.000,42,6284,21832,136624,47,2020-03-06 00:00:00.000,00:00,
620,4.622748154,146541,124731,5645,86,2020-03-05 00:00:00.000,35,5766,21810,118965,46,2020-03-05 00:00:00.000,00:00,
621,4.919985595,136707,108293,5256,40,2020-03-04 00:00:00.000,32,5328,28414,102965,45,2020-03-04 00:00:00.000,00:00,
622,5.329139718,125851,90296,4750,34,2020-03-03 00:00:00.000,28,4812,35555,85484,44,2020-03-03 00:00:00.000,00:00,
623,5.557314756,109591,75792,4159,30,2020-03-02 00:00:00.000,23,4212,33799,71580,43,2020-03-02 00:00:00.000,00:00,
624,5.541846758,96985,63625,3481,28,2020-03-01 00:00:00.000,17,3526,33360,60099,42,2020-03-01 00:00:00.000,00:00,
625,5.802696442,85693,50511,2889,26,2020-02-29 00:00:00.000,16,2931,35182,47580,41,2020-02-29 00:00:00.000,00:00,
626,4.967692799,70940,40703,1984,25,2020-02-28 00:00:00.000,13,2022,30237,38681,40,2020-02-28 00:00:00.000,00:00,
627,4.919499106,57990,32422,1560,23,2020-02-27 00:00:00.000,12,1595,25568,30827,39,2020-02-27 00:00:00.000,00:00,
628,4.509857936,46127,25411,1114,21,2020-02-26 00:00:00.000,11,1146,20716,24265,38,2020-02-26 00:00:00.000,00:00,
629,3.910492205,36716,22836,864,21,2020-02-25 00:00:00.000,8,893,13880,21943,37,2020-02-25 00:00:00.000,00:00,
630,4.492463495,28615,16984,739,17,2020-02-24 16:00:00.000,7,763,11631,16221,36,2020-02-24 00:00:00.000,16:00,
631,3.814489572,22633,14576,536,17,2020-02-23 16:00:00.000,3,556,8057,14020,35,2020-02-23 00:00:00.000,16:00,
632,2.547114252,19621,13584,326,17,2020-02-22 16:00:00.000,3,346,6037,13238,34,2020-02-22 00:00:00.000,16:00,
633,1.340666896,14816,11636,139,16,2020-02-21 16:00:00.000,1,156,3180,11480,33,2020-02-21 00:00:00.000,16:00,
634,0.796039219,12161,10301,65,16,2020-02-20 16:00:00.000,1,82,1860,10219,32,2020-02-20 00:00:00.000,16:00,
635,0.712589074,10411,9262,54,12,2020-02-19 16:00:00.000,0,66,1149,9196,31,2020-02-19 00:00:00.000,16:00,
636,0.378832722,9265,8447,22,10,2020-02-18 16:00:00.000,0,32,818,8415,30,2020-02-18 00:00:00.000,16:00,
637,0.401983117,8171,7463,21,9,2020-02-17 16:00:00.000,0,30,708,7433,29,2020-02-17 00:00:00.000,16:00,
638,0.403551251,7919,7434,21,9,2020-02-16 16:00:00.000,0,30,485,7404,28,2020-02-16 00:00:00.000,16:00,
639,0.402241057,7519,6961,21,7,2020-02-15 16:00:00.000,0,28,558,6933,27,2020-02-15 00:00:00.000,16:00,
640,0.443108087,6854,6319,21,7,2020-02-14 16:00:00.000,0,28,535,6291,26,2020-02-14 00:00:00.000,16:00,
641,0.534861509,5797,5235,21,7,2020-02-13 16:00:00.000,0,28,562,5207,25,2020-02-13 00:00:00.000,16:00,
642,0.652832828,5074,4289,24,4,2020-02-12 16:00:00.000,0,28,785,4261,24,2020-02-12 00:00:00.000,16:00,
643,0.976630624,3629,2867,24,4,2020-02-11 16:00:00.000,0,28,762,2839,23,2020-02-11 00:00:00.000,16:00,
644,1.247216036,2776,2245,25,3,2020-02-10 16:00:00.000,0,28,531,2217,22,2020-02-10 00:00:00.000,16:00,
645,1.859504132,2340,1452,25,2,2020-02-09 16:00:00.000,0,27,888,1425,21,2020-02-09 00:00:00.000,16:00,
646,2.220166512,1701,1081,22,2,2020-02-08 16:00:00.000,0,24,620,1057,20,2020-02-08 00:00:00.000,16:00,
647,2.98879203,1130,803,22,2,2020-02-07 16:00:00.000,0,24,327,779,19,2020-02-07 00:00:00.000,16:00,
648,3.351955307,885,716,24,0,2020-02-06 09:00:00.000,0,24,169,692,18,2020-02-06 00:00:00.000,09:00,
649,3.115727003,714,674,21,0,2020-02-05 19:00:00.000,0,21,40,653,17,2020-02-05 00:00:00.000,19:00,
650,2.635914333,607,607,16,0,2020-02-04 00:00:00.000,0,16,0,591,16,2020-02-04 00:00:00.000,00:00,
651,3.06122449,490,490,15,0,2020-02-03 00:00:00.000,0,15,0,475,15,2020-02-03 00:00:00.000,00:00,
652,3.496503497,429,429,15,0,2020-02-02 00:00:00.000,0,15,0,414,14,2020-02-02 00:00:00.000,00:00,
653,3.234501348,371,371,12,0,2020-02-01 00:00:00.000,0,12,0,359,13,2020-02-01 00:00:00.000,00:00,
654,3.28358209,335,335,11,0,2020-01-31 00:00:00.000,0,11,0,324,12,2020-01-31 00:00:00.000,00:00,
655,2.545454545,275,275,7,0,2020-01-30 00:00:00.000,0,7,0,268,11,2020-01-30 00:00:00.000,00:00,
656,1.923076923,208,208,4,0,2020-01-29 00:00:00.000,0,4,0,204,10,2020-01-29 00:00:00.000,00:00,
657,2.919708029,137,137,4,0,2020-01-28 00:00:00.000,0,4,0,133,9,2020-01-28 00:00:00.000,00:00,
658,4.761904762,84,84,4,0,2020-01-27 10:00:00.000,0,4,0,80,8,2020-01-27 00:00:00.000,10:00,
659,5.357142857,56,56,3,0,2020-01-26 09:00:00.000,0,3,0,53,7,2020-01-26 00:00:00.000,09:00,
660,4.255319149,47,47,2,0,2020-01-25 00:00:00.000,0,2,0,45,6,2020-01-25 00:00:00.000,00:00,
661,6.896551724,29,29,2,0,2020-01-24 00:00:00.000,0,2,0,27,5,2020-01-24 00:00:00.000,00:00,
662,4.0,25,25,1,0,2020-01-23 09:00:00.000,0,1,0,24,4,2020-01-23 00:00:00.000,09:00,
663,4.761904762,21,21,1,0,2020-01-22 12:00:00.000,0,1,0,20,3,2020-01-22 00:00:00.000,12:00,
664,6.666666667,15,15,1,0,2020-01-21 09:00:00.000,0,1,0,14,2,2020-01-21 00:00:00.000,09:00,
665,25.0,4,4,1,0,2020-01-20 17:00:00.000,0,1,0,3,1,2020-01-20 00:00:00.000,17:00,
